,mitocore,293,mitoparp,293 + high NAD,mitoparp + high NAD,293 + low NAD,mitoparp + low NAD,full_name
10fthf_c,0.0,-0.0,0.11327890675716762,-0.0,-0.0,-0.0,-0.0,10-Formyltetrahydrofolate (c)
10fthf_m,0.0,-0.82115510811163,-0.82115510811163,-0.5081081081081082,-0.0,-0.5081081081081082,-0.0,10-Formyltetrahydrofolate (m)
10fthf_c,0.21868566216392327,0.0,0.0,0.0,0.0,0.0,0.0,10-Formyltetrahydrofolate (c)
10fthf_m,-0.8211551081116304,0.0,0.0,0.0,0.0,0.0,0.0,10-Formyltetrahydrofolate (m)
13dpg_c,0.0,-2.942071559462864,-2.942071559462864,-2.9420715594628644,-2.942071559462864,-1.0,-3.6270324270324275,3-Phospho-D-glyceroyl phosphate (c)
13dpg_c,-2.942071559462864,0.0,0.0,0.0,0.0,0.0,0.0,3-Phospho-D-glyceroyl phosphate (c)
1pipdn2c_c,0.0,-1.7077622729796653,-1.7266798418972344,-0.0,-4.859936772980252,1.6973026973026961,0.07297297297297334,delta1-Piperideine-2-carboxylate (c)
1pipdn2c_c,-1.756410921628314,0.0,0.0,0.0,0.0,0.0,0.0,delta1-Piperideine-2-carboxylate (c)
1pyr5c_m,0.0,-2.2030620378446466,-2.2030620378446466,-2.2030620378446466,-2.2030620378446466,-10.410832410832413,-5.172983772983775,(S)-1-Pyrroline-5-carboxylate (m)
1pyr5c_m,-2.2030620378446466,0.0,0.0,0.0,0.0,0.0,0.0,(S)-1-Pyrroline-5-carboxylate (m)
2aobut_m,0.0,3.647594943247118,-0.0,3.647594943247116,4.905649462171202,0.7297297297297285,-0.0,L-2-Amino-3-oxobutanoic acid (m)
2aobut_m,-1.6497131540609806,0.0,0.0,0.0,0.0,0.0,0.0,L-2-Amino-3-oxobutanoic acid (m)
2hb_c,0.0,-0.0,-0.6654574567618041,-0.0,-0.6654574567618052,-0.0,-0.0,2-Hydroxybutanoic acid (c)
2hb_c,-0.6654574567618048,0.0,0.0,0.0,0.0,0.0,0.0,2-Hydroxybutanoic acid (c)
2hb_e,-0.0,0.0,0.0,0.0,0.0,0.0,0.0,2-Hydroxybutanoic acid (e)
2maacoa_m,0.0,-0.18871727567379748,-0.4623954189171583,-0.18871727567379726,-1.270742183785663,2.6973026973026974,-13.810832410832417,2-Methylacetoacetyl-CoA (m)
2maacoa_m,0.7233858972989411,0.0,0.0,0.0,0.0,0.0,0.0,2-Methylacetoacetyl-CoA (m)
2mb2coa_m,0.0,-0.4560515864863692,-0.7297297297297299,0.260990478381783,-1.5380764945982346,-0.0,-16.508135108135114,2-Methylbut-2-enoyl-CoA (m)
2mb2coa_m,0.45605158648636923,0.0,0.0,0.0,0.0,0.0,0.0,2-Methylbut-2-enoyl-CoA (m)
2mbcoa_m,0.0,0.3522951783821349,0.07861703513877416,1.069337243250287,-0.7297297297297305,-1.6216216216216215,-18.129756729756735,2-Methylbutanoyl-CoA (m)
2mbcoa_m,1.264398351354873,0.0,0.0,0.0,0.0,0.0,0.0,2-Methylbutanoyl-CoA (m)
2mop_m,0.0,-0.04571268919095012,-0.7170420648681517,-0.04571268919095017,-0.7170420648681518,8.664881064881067,9.443259443259446,2-Methyl-3-oxopropanoate (m)
2mop_m,-0.7170420648681519,0.0,0.0,0.0,0.0,0.0,0.0,2-Methyl-3-oxopropanoate (m)
2mp2coa_m,0.0,-0.0,-0.2736781432433609,-0.0,-0.14970505405288115,17.42705942705943,-0.0,2-Methylprop-2-enoyl-CoA (m)
2mp2coa_m,0.9121031729727378,0.0,0.0,0.0,0.0,0.0,0.0,2-Methylprop-2-enoyl-CoA (m)
2obut_c,0.0,-0.0029359594576985337,-0.6683934162195031,-0.0029359594576985337,-0.6683934162195033,-0.0,-0.0,2-Oxobutanoate (c)
2obut_m,0.0,-0.04571268919095017,-0.7170420648681517,-0.04571268919095017,-0.7170420648681519,-0.04864864864864864,-0.04864864864864865,2-Oxobutanoate (m)
2obut_c,-0.6683934162195033,0.0,0.0,0.0,0.0,0.0,0.0,2-Oxobutanoate (c)
2obut_m,-0.7170420648681519,0.0,0.0,0.0,0.0,0.0,0.0,2-Oxobutanoate (m)
2oxoadp_c,0.0,-0.0,-0.0,-0.0,-0.0,2.427033777033778,2.500005400005401,2-Oxoadipate (c)
2oxoadp_m,0.0,-1.1730936513545211,-1.1730936513545207,-1.173093651354521,-1.1730936513545207,-24.983826983826987,-7.697308097308099,2-Oxoadipate (m)
2oxoadp_c,-0.8541747324356026,0.0,0.0,0.0,0.0,0.0,0.0,2-Oxoadipate (c)
2oxoadp_m,-1.1730936513545214,0.0,0.0,0.0,0.0,0.0,0.0,2-Oxoadipate (m)
2pg_c,0.0,-1.942071559462864,-1.9420715594628637,-1.9420715594628644,-1.942071559462864,-8.881784197001252e-16,-2.6270324270324275,2-Phospho-D-glycerate (c)
2pg_c,-1.942071559462864,0.0,0.0,0.0,0.0,0.0,0.0,2-Phospho-D-glycerate (c)
34hpp_c,0.0,0.4889559324341932,0.4889559324341932,0.4889559324341932,0.4889559324341932,-18.983821583821587,-5.054064854064856,3-(4-Hydroxyphenyl)pyruvate (c)
34hpp_c,0.48895593243419344,0.0,0.0,0.0,0.0,0.0,0.0,3-(4-Hydroxyphenyl)pyruvate (c)
3hanthrn_c,0.0,-8.50753171622737,0.0,1.4310274918970576,1.431027491897057,0.6973026973026983,4.054064854064856,3-Hydroxyanthranilate (c)
3hanthrn_c,4.005762040544648,0.0,0.0,0.0,0.0,0.0,0.0,3-Hydroxyanthranilate (c)
3hbcoa_m,0.0,-1.4010591054069317,-1.0034078729730906,-1.4010591054069312,-1.8117546378415952,-9.205421605421606,-10.124340524340528,(S)-3-Hydroxybutanoyl-CoA (m)
3hbcoa_m,0.18237344324300842,0.0,0.0,0.0,0.0,0.0,0.0,(S)-3-Hydroxybutanoyl-CoA (m)
3hexdcoa_m,0.0,-2.495299764864982,-2.0976485324311414,-2.495299764864982,-2.905995297299646,11.081102681102681,-7.1243351243351265,(S)-3-Hydroxyhexadecanoyl-CoA (m)
3hexdcoa_m,-0.9118672162150423,0.0,0.0,0.0,0.0,0.0,0.0,(S)-3-Hydroxyhexadecanoyl-CoA (m)
3hibutcoa_m,0.0,0.0,-0.2736781432433609,0.0,-0.14970505405288115,17.42705942705943,0.0,(S)-3-Hydroxyisobutyryl-CoA (m)
3hibutcoa_m,0.9121031729727378,0.0,0.0,0.0,0.0,0.0,0.0,(S)-3-Hydroxyisobutyryl-CoA (m)
3hmbcoa_m,0.0,-0.4560515864863692,-0.7297297297297299,0.260990478381783,-1.5380764945982346,0.0,-16.508135108135114,"(2S,3S)-3-Hydroxy-2-methylbutanoyl-CoA (m)"
3hmbcoa_m,0.45605158648636923,0.0,0.0,0.0,0.0,0.0,0.0,"(2S,3S)-3-Hydroxy-2-methylbutanoyl-CoA (m)"
3hmp_m,0.0,-0.3130470000035218,-0.9843763756807233,-0.3130470000035219,-0.05205652162173924,5.967578367578369,6.745956745956748,3-Hydroxy-2-methylpropanoate (m)
3hmp_m,-0.9843763756807238,0.0,0.0,0.0,0.0,0.0,0.0,3-Hydroxy-2-methylpropanoate (m)
3mb2coa_m,0.0,-0.39765123243384126,0.0,-0.3976512324338406,-0.8083467648685041,-14.032459432459435,-6.308118908118911,3-Methylcrotonyl-CoA (m)
3mb2coa_m,1.1857813162160982,0.0,0.0,0.0,0.0,0.0,0.0,3-Methylcrotonyl-CoA (m)
3mgcoa_m,0.0,-1.127380962163571,-0.7297297297297298,-1.1273809621635704,-1.5380764945982344,-14.762189162189165,-7.037848637848641,3-Methylglutaconyl-CoA (m)
3mgcoa_m,0.45605158648636857,0.0,0.0,0.0,0.0,0.0,0.0,3-Methylglutaconyl-CoA (m)
3mob_m,0.0,0.22796545405241053,-0.4433639216247909,0.4889559324341932,0.4889559324341932,1.6486540486540484,2.427032427032428,3-Methyl-2-oxobutanoic acid (m)
3mob_m,-0.443363921624792,0.0,0.0,0.0,0.0,0.0,0.0,3-Methyl-2-oxobutanoic acid (m)
3mop_m,0.0,-0.22808613243395864,-0.8994155081111599,0.4889559324341932,0.4889559324341932,1.6486540486540484,2.427032427032428,(S)-3-Methyl-2-oxopentanoic acid (m)
3mop_m,-0.8994155081111606,0.0,0.0,0.0,0.0,0.0,0.0,(S)-3-Methyl-2-oxopentanoic acid (m)
3odcoa_m,0.0,-1.680845124323385,-1.283193891889546,-1.680845124323385,-2.0915406567580495,-46.41629181629181,-21.40543240543241,3-Oxodecanoyl-CoA (m)
3odcoa_m,-0.09741257567344541,0.0,0.0,0.0,0.0,0.0,0.0,3-Oxodecanoyl-CoA (m)
3oddcoa_m,0.0,-1.8632185675663937,-1.4655673351325538,-1.8632185675663935,-2.2739141000010576,-59.71901611901611,-26.064897264897272,3-Oxododecanoyl-CoA (m)
3oddcoa_m,-0.27978601891645316,0.0,0.0,0.0,0.0,0.0,0.0,3-Oxododecanoyl-CoA (m)
3pg_c,0.0,-1.942071559462864,-1.9420715594628637,-1.9420715594628644,-1.942071559462864,-8.881784197001252e-16,-2.6270324270324275,3-Phospho-D-glycerate (c)
3pg_c,-1.942071559462864,0.0,0.0,0.0,0.0,0.0,0.0,3-Phospho-D-glycerate (c)
3php_c,0.0,-1.9450075189205625,-1.9450075189205627,-0.874742648655694,-0.4531156270286707,1.697302697302698,-0.1999999999999993,3-Phosphonooxypyruvate (c)
3php_c,-1.9450075189205625,0.0,0.0,0.0,0.0,0.0,0.0,3-Phosphonooxypyruvate (c)
3sala_c,0.0,-1.4310274918970571,-1.431027491897057,-1.4310274918970576,-1.4310274918970571,-0.6973026973026988,-4.054064854064856,3-Sulfino-L-alanine (c)
3sala_c,-1.4310274918970574,0.0,0.0,0.0,0.0,0.0,0.0,3-Sulfino-L-alanine (c)
3snpyr_c,0.0,-0.9420715594628639,-0.9420715594628637,-0.9420715594628644,-0.9420715594628639,0.9999999999999991,-1.6270324270324275,3-Sulfinylpyruvate (c)
3snpyr_c,-0.9420715594628639,0.0,0.0,0.0,0.0,0.0,0.0,3-Sulfinylpyruvate (c)
3tetd7ecoa_m,0.0,-2.312926321621974,-1.9152750891881334,-2.3129263216219735,-2.7236218540566375,-75.71904311904312,-33.421664821664834,trans-Tetradec-2-enoyl-CoA (m)
3tetd7ecoa_m,-0.7294937729720337,0.0,0.0,0.0,0.0,0.0,0.0,trans-Tetradec-2-enoyl-CoA (m)
4aabutn_m,0.0,-1.026681191898584,-1.1510055162229071,-1.1510055162229076,-0.0,-15.23787023787024,1.1189189189189184,4-Acetamidobutanoate (m)
4aabutn_m,-8.053719018936409,0.0,0.0,0.0,0.0,0.0,0.0,4-Acetamidobutanoate (m)
4abut_c,0.0,-1.7627547540591026,-1.8870790783834261,-1.8870790783834264,-0.0,-7.713529713529715,-0.0,4-Aminobutanoate (c)
4abut_m,0.0,-1.7627547540591026,-1.8870790783834261,-1.8870790783834264,0.0,-7.713529713529715,0.0,4-Aminobutanoate (m)
4abut_c,-1.8870790783834264,0.0,0.0,0.0,0.0,0.0,0.0,4-Aminobutanoate (c)
4abut_m,-1.8870790783834264,0.0,0.0,0.0,0.0,0.0,0.0,4-Aminobutanoate (m)
4abutn_c,0.0,-1.9814404162230255,-2.0003579851405937,-2.10576474054735,-7.330333121637469,-9.410832410832413,-7.305421605421608,4-Aminobutyraldehyde (c)
4abutn_c,-2.1057647405473494,0.0,0.0,0.0,0.0,0.0,0.0,4-Aminobutyraldehyde (c)
4fumacac_c,0.0,-1.975096583792236,-1.9750965837922354,-9.230917613526309,-1.9750965837922358,-18.983821583821587,-5.054064854064856,4-Fumarylacetoacetate (c)
4fumacac_c,-1.9750965837922367,0.0,0.0,0.0,0.0,0.0,0.0,4-Fumarylacetoacetate (c)
4izp_c,0.0,-2.105764740547349,-2.0003579851405937,-2.10576474054735,-2.0003579851405937,-6.983798633798635,-2.3540594540594553,4-Imidazolone-5-propanoate (c)
4izp_c,-2.1057647405473494,0.0,0.0,0.0,0.0,0.0,0.0,4-Imidazolone-5-propanoate (c)
4mlacac_c,0.0,-1.975096583792236,-1.9750965837922354,-9.230917613526309,-1.9750965837922358,-18.983821583821587,-5.054064854064856,4-Maleylacetoacetate (c)
4mlacac_c,-1.9750965837922367,0.0,0.0,0.0,0.0,0.0,0.0,4-Maleylacetoacetate (c)
4mop_m,0.0,-0.16968577838143073,-0.16968577838142995,0.4889559324341932,0.4889559324341932,1.6486540486540484,2.427032427032428,4-Methyl-2-oxopentanoate (m)
4mop_m,-0.16968577838143162,0.0,0.0,0.0,0.0,0.0,0.0,4-Methyl-2-oxopentanoate (m)
5aop_c,0.0,0.0,-1.8949512297338384,-0.0,-0.0,-0.0,-10.22704322704323,5-Aminolevulinate (c)
5aop_m,0.0,-0.0,-1.8949512297338384,0.0,0.0,0.0,-10.22704322704323,5-Aminolevulinate (m)
5aop_c,1.5741356469617336,0.0,0.0,0.0,0.0,0.0,0.0,5-Aminolevulinate (c)
5aop_m,1.5741356469617336,0.0,0.0,0.0,0.0,0.0,0.0,5-Aminolevulinate (m)
5forthf_c,0.0,0.0,0.11327890675716762,-0.0,-0.0,-0.0,-0.0,5-Formiminotetrahydrofolate (c)
5forthf_c,0.21868566216392327,0.0,0.0,0.0,0.0,0.0,0.0,5-Formiminotetrahydrofolate (c)
6a2ohxnt_c,0.0,-1.7077622729796653,-1.7266798418972344,0.0,-4.859936772980252,1.6973026973026961,0.07297297297297334,6-Amino-2-oxohexanoate (c)
6a2ohxnt_c,-1.756410921628314,0.0,0.0,0.0,0.0,0.0,0.0,6-Amino-2-oxohexanoate (c)
6pgc_c,0.0,-4.450578328839198,-4.3451715734324425,-4.659585537846408,0.0,-1.7297310797310796,0.0,6-Phospho-D-gluconate (c)
6pgc_c,-4.4505783288392,0.0,0.0,0.0,0.0,0.0,0.0,6-Phospho-D-gluconate (c)
6pgl_c,0.0,-4.659585537846408,0.0,-4.659585537846408,0.0,-1.7297310797310796,0.0,"D-Glucono-1,5-lactone 6-phosphate (c)"
6pgl_c,-4.4505783288392,0.0,0.0,0.0,0.0,0.0,0.0,"D-Glucono-1,5-lactone 6-phosphate (c)"
ACP_c,0.0,-0.21868566216392282,-0.1887981779286127,0.0,-0.11327890675716767,0.0,-0.033783783783783744,acyl carrier protein (c)
ACP_c,-0.21868566216392327,0.0,0.0,0.0,0.0,0.0,0.0,acyl carrier protein (c)
HC00250_c,0.0,-0.0,-0.0,-0.0,-0.0,-0.0,-0.0,Hydrogen sulfide (c)
HC00250_c,-0.0,0.0,0.0,0.0,0.0,0.0,0.0,Hydrogen sulfide (c)
HC00250_e,-0.0,0.0,0.0,0.0,0.0,0.0,0.0,Hydrogen sulfide (e)
HC01255_c,0.0,-0.0,0.03775963558572254,0.0,0.0,0.0,0.5337837837837835,But-2-enoyl-ACP (c)
HC01255_c,-0.0,0.0,0.0,0.0,0.0,0.0,0.0,But-2-enoyl-ACP (c)
HC01321_c,0.0,-0.0,0.03775963558572254,-0.0,-0.0,-0.0,0.5337837837837835,(R)-3-Hydroxybutanoyl-ACP (c)
HC01321_c,-0.0,0.0,0.0,0.0,0.0,0.0,0.0,(R)-3-Hydroxybutanoyl-ACP (c)
HC01322_c,0.0,-0.0,-0.0,-0.0,-0.0,-0.0,0.2135135135135135,(R)-3-Hydroxydecanoyl-ACP (c)
HC01322_c,-0.0,0.0,0.0,0.0,0.0,0.0,0.0,(R)-3-Hydroxydecanoyl-ACP (c)
HC01323_c,0.0,-0.0,-0.0,-0.0,-0.0,-0.0,0.32027027027027033,(R)-3-Hydroxyoctanoyl-ACP (c)
HC01323_c,-0.0,0.0,0.0,0.0,0.0,0.0,0.0,(R)-3-Hydroxyoctanoyl-ACP (c)
HC01326_c,0.0,-0.0,-0.07551927117144508,-0.0,-0.0,-0.0,-0.10675675675675675,(R)-3-Hydroxypalmitoyl-ACP (c)
HC01326_c,-0.0,0.0,0.0,0.0,0.0,0.0,0.0,(R)-3-Hydroxypalmitoyl-ACP (c)
HC01335_c,0.0,-0.0,-0.03775963558572254,-0.0,-0.0,-0.0,-0.0,(R)-3-Hydroxytetradecanoyl-ACP (c)
HC01335_c,-0.0,0.0,0.0,0.0,0.0,0.0,0.0,(R)-3-Hydroxytetradecanoyl-ACP (c)
HC01401_m,0.0,-2.1305528783789653,-1.7329016459451254,-2.1305528783789653,-2.5412484108136293,-62.41631881631881,-28.762199962199972,(S)-3-Hydroxydodecanoyl-CoA (m)
HC01401_m,-0.547120329729025,0.0,0.0,0.0,0.0,0.0,0.0,(S)-3-Hydroxydodecanoyl-CoA (m)
HC01403_m,0.0,-1.9481794351359567,-1.5505282027021177,-1.9481794351359567,-2.358874967570621,-49.11359451359451,-24.10273510273511,(S)-Hydroxydecanoyl-CoA (m)
HC01403_m,-0.3647468864860173,0.0,0.0,0.0,0.0,0.0,0.0,(S)-Hydroxydecanoyl-CoA (m)
HC01405_m,0.0,-1.7658059918929483,-1.3681547594591095,-1.7658059918929483,-2.1765015243276125,-35.810870210870206,-19.44327024327025,(S)-3-Hydroxyoctanoyl-CoA (m)
HC01405_m,-0.18237344324300864,0.0,0.0,0.0,0.0,0.0,0.0,(S)-3-Hydroxyoctanoyl-CoA (m)
HC01406_m,0.0,-1.4984716810803766,-1.1008204486465378,-1.4984716810803764,-1.909167213515041,-33.11356751356751,-16.745967545967552,3-Oxooctanoyl-CoA (m)
HC01406_m,0.08496086756956323,0.0,0.0,0.0,0.0,0.0,0.0,3-Oxooctanoyl-CoA (m)
HC01407_m,0.0,-1.58343254864994,-1.1857813162161013,-1.5834325486499399,-1.9941280810846034,-22.508145908145906,-14.783805383805388,(S)-Hydroxyhexanoyl-CoA (m)
HC01407_m,0.0,0.0,0.0,0.0,0.0,0.0,0.0,(S)-Hydroxyhexanoyl-CoA (m)
HC01408_m,0.0,-1.3160982378373685,-0.9184470054035296,-1.3160982378373682,-1.7267937702720317,-19.81084321084321,-12.08650268650269,3-Oxohexanoyl-CoA (m)
HC01408_m,0.26733431081257186,0.0,0.0,0.0,0.0,0.0,0.0,3-Oxohexanoyl-CoA (m)
HC01409_m,0.0,-0.775085783781436,-0.3774345513475972,-0.775085783781436,-1.1857813162160993,-24.129767529767527,-16.40542700542701,Hexanoyl-CoA (m)
HC01409_m,0.8083467648685039,0.0,0.0,0.0,0.0,0.0,0.0,Hexanoyl-CoA (m)
HC01410_m,0.0,-1.58343254864994,-1.1857813162161013,-1.5834325486499399,-1.9941280810846034,-22.508145908145906,-14.783805383805388,trans-Hex-2-enoyl-CoA (m)
HC01410_m,-0.0,0.0,0.0,0.0,0.0,0.0,0.0,trans-Hex-2-enoyl-CoA (m)
HC01415_m,0.0,-1.7658059918929483,-1.3681547594591095,-1.7658059918929483,-2.1765015243276125,-35.810870210870206,-19.44327024327025,trans-Oct-2-enoyl-CoA (m)
HC01415_m,-0.18237344324300864,0.0,0.0,0.0,0.0,0.0,0.0,trans-Oct-2-enoyl-CoA (m)
HC01587_c,0.0,0.21868566216392282,0.15103854234289016,-0.0,0.11327890675716767,-0.0,0.46081081081081054,Acetoacetyl-ACP (c)
HC01587_c,0.21868566216392327,0.0,0.0,0.0,0.0,0.0,0.0,Acetoacetyl-ACP (c)
HC01588_c,0.0,-0.21868566216392282,-0.07551927117144508,-0.0,-0.11327890675716767,-0.0,0.6067567567567566,Butyryl-ACP (c)
HC01588_c,-0.21868566216392327,0.0,0.0,0.0,0.0,0.0,0.0,Butyryl-ACP (c)
HC01589_c,0.0,0.21868566216392282,0.11327890675716762,0.0,0.11327890675716767,0.0,0.35405405405405405,3-Oxohexanoyl-ACP (c)
HC01589_c,0.21868566216392327,0.0,0.0,0.0,0.0,0.0,0.0,3-Oxohexanoyl-ACP (c)
HC01590_c,0.0,-0.0,-0.0,-0.0,-0.0,-0.0,0.427027027027027,D-3-Hydroxyhexanoyl-ACP (c)
HC01590_c,-0.0,0.0,0.0,0.0,0.0,0.0,0.0,D-3-Hydroxyhexanoyl-ACP (c)
HC01591_c,0.0,-0.0,0.0,0.0,0.0,0.0,0.427027027027027,(2E)-Hexenoyl-ACP (c)
HC01591_c,-0.0,0.0,0.0,0.0,0.0,0.0,0.0,(2E)-Hexenoyl-ACP (c)
HC01592_c,0.0,-0.21868566216392282,-0.11327890675716762,-0.0,-0.11327890675716767,-0.0,0.5,Hexanoyl-ACP (c)
HC01592_c,-0.21868566216392327,0.0,0.0,0.0,0.0,0.0,0.0,Hexanoyl-ACP (c)
HC01593_c,0.0,0.21868566216392282,0.11327890675716762,0.0,0.11327890675716767,0.0,0.2472972972972973,3-Oxooctanoyl-ACP (c)
HC01593_c,0.21868566216392327,0.0,0.0,0.0,0.0,0.0,0.0,3-Oxooctanoyl-ACP (c)
HC01594_c,0.0,0.0,0.0,0.0,0.0,0.0,0.32027027027027033,(2E)-Octenoyl-ACP (c)
HC01594_c,-0.0,0.0,0.0,0.0,0.0,0.0,0.0,(2E)-Octenoyl-ACP (c)
HC01595_c,0.0,-0.21868566216392282,-0.11327890675716762,-0.0,-0.11327890675716767,-0.0,0.39324324324324333,Octanoyl-ACP (c)
HC01595_c,-0.21868566216392327,0.0,0.0,0.0,0.0,0.0,0.0,Octanoyl-ACP (c)
HC01596_c,0.0,0.21868566216392282,0.11327890675716762,0.0,0.11327890675716767,0.0,0.1405405405405405,3-Oxodecanoyl-ACP (c)
HC01596_c,0.21868566216392327,0.0,0.0,0.0,0.0,0.0,0.0,3-Oxodecanoyl-ACP (c)
HC01597_c,0.0,0.0,0.0,0.0,0.0,0.0,0.2135135135135135,(2E)-Decenoyl-ACP (c)
HC01597_c,-0.0,0.0,0.0,0.0,0.0,0.0,0.0,(2E)-Decenoyl-ACP (c)
HC01598_c,0.0,-0.21868566216392282,-0.11327890675716762,-0.0,-0.11327890675716767,-0.0,0.2864864864864865,Decanoyl-ACP (c)
HC01598_c,-0.21868566216392327,0.0,0.0,0.0,0.0,0.0,0.0,Decanoyl-ACP (c)
HC01599_c,0.0,0.21868566216392282,0.11327890675716762,0.0,0.11327890675716767,0.0,0.033783783783783744,3-Oxododecanoyl-ACP (c)
HC01599_c,0.21868566216392327,0.0,0.0,0.0,0.0,0.0,0.0,3-Oxododecanoyl-ACP (c)
HC01600_c,0.0,-0.0,-0.0,-0.0,-0.0,-0.0,0.10675675675675675,D-3-Hydroxydodecanoyl-ACP (c)
HC01600_c,-0.0,0.0,0.0,0.0,0.0,0.0,0.0,D-3-Hydroxydodecanoyl-ACP (c)
HC01601_c,0.0,-0.0,0.0,0.0,0.0,0.0,0.10675675675675675,(2E)-Dodecenoyl-ACP (c)
HC01601_c,-0.0,0.0,0.0,0.0,0.0,0.0,0.0,(2E)-Dodecenoyl-ACP (c)
HC01602_c,0.0,0.21868566216392282,0.07551927117144508,0.0,0.11327890675716767,0.0,-0.072972972972973,3-Oxotetradecanoyl-ACP (c)
HC01602_c,0.21868566216392327,0.0,0.0,0.0,0.0,0.0,0.0,3-Oxotetradecanoyl-ACP (c)
HC01603_c,0.0,-0.0,-0.03775963558572254,0.0,0.0,0.0,0.0,(2E)-Tetradecenoyl-ACP (c)
HC01603_c,-0.0,0.0,0.0,0.0,0.0,0.0,0.0,(2E)-Tetradecenoyl-ACP (c)
HC01605_c,0.0,0.21868566216392282,0.03775963558572254,0.0,0.11327890675716767,0.0,-0.17972972972972975,3-Oxohexadecanoyl-ACP (c)
HC01605_c,0.21868566216392327,0.0,0.0,0.0,0.0,0.0,0.0,3-Oxohexadecanoyl-ACP (c)
HC01606_c,0.0,-0.0,-0.07551927117144508,0.0,0.0,0.0,-0.10675675675675675,(2E)-Hexadecenoyl-ACP (c)
HC01606_c,0.0,0.0,0.0,0.0,0.0,0.0,0.0,(2E)-Hexadecenoyl-ACP (c)
L2aadp6sa_c,0.0,-1.215870381087774,-1.2537055189229118,-0.0,-0.0,-0.0,-0.0,L-2-Aminoadipate 6-semialdehyde (c)
L2aadp6sa_m,0.0,-1.929383894601286,-1.9293838946012856,-1.929383894601286,-1.9293838946012856,1.427032427032426,2.205410805410807,L-2-Aminoadipate 6-semialdehyde (m)
L2aadp6sa_c,-1.388843354060746,0.0,0.0,0.0,0.0,0.0,0.0,L-2-Aminoadipate 6-semialdehyde (c)
L2aadp6sa_m,-1.9293838946012867,0.0,0.0,0.0,0.0,0.0,0.0,L-2-Aminoadipate 6-semialdehyde (m)
L2aadp_c,0.0,-1.2188063405454725,-1.2566414783806108,0.0,0.0,0.0,0.0,L-2-Aminoadipate (c)
L2aadp_m,0.0,-1.6620495837887144,-1.662049583788714,-1.6620495837887141,-1.662049583788714,-26.632481032481035,-10.124340524340527,L-2-Aminoadipate (m)
L2aadp_c,-1.3917793135184446,0.0,0.0,0.0,0.0,0.0,0.0,L-2-Aminoadipate (c)
L2aadp_m,-1.6620495837887148,0.0,0.0,0.0,0.0,0.0,0.0,L-2-Aminoadipate (m)
Lfmkynr_c,0.0,-4.859936772980252,-4.859936772980252,-4.859936772980251,-4.859936772980252,-0.0,-0.0,L-Formylkynurenine (c)
Lfmkynr_c,-4.859936772980251,0.0,0.0,0.0,0.0,0.0,0.0,L-Formylkynurenine (c)
Lkynr_c,0.0,-4.859936772980252,-4.859936772980252,-4.859936772980251,-4.859936772980252,-0.0,-0.0,L-Kynurenine (c)
Lkynr_c,-4.859936772980251,0.0,0.0,0.0,0.0,0.0,0.0,L-Kynurenine (c)
Lpipecol_c,0.0,-1.7048263135219668,-1.7237438824395355,-0.0,4.859936772980252,-1.6973026973026961,-0.07297297297297334,L-Pipecolate (c)
Lpipecol_c,-1.7534749621706154,0.0,0.0,0.0,0.0,0.0,0.0,L-Pipecolate (c)
PMF_c,0.0,0.0,0.0,-0.27027027027027023,-0.27027027027027023,-0.27027027027027023,-0.2702702702702703,Proton Motive Force (c)
PMF_m,0.0,0.27027027027027023,0.27027027027027023,0.0,0.0,0.0,0.0,Proton Motive Force (m)
PMF_c,0.0,0.0,0.0,0.0,0.0,0.0,0.0,Proton Motive Force (c)
PMF_m,0.27027027027027023,0.0,0.0,0.0,0.0,0.0,0.0,Proton Motive Force (m)
aacoa_m,0.0,-1.13372479459436,-0.736073562160519,-1.1337247945943596,-1.5444203270290235,-6.508118908118909,-7.4270378270378306,Acetoacetyl-CoA (m)
aacoa_m,0.4497077540555803,0.0,0.0,0.0,0.0,0.0,0.0,Acetoacetyl-CoA (m)
aact_m,0.0,3.647594943247118,0.0,3.647594943247116,4.905649462171202,0.7297297297297285,0.0,Aminoacetone (m)
aact_m,-1.6497131540609806,0.0,0.0,0.0,0.0,0.0,0.0,Aminoacetone (m)
acACP_c,0.0,-0.21868566216392282,-0.03775963558572254,0.0,0.0,0.0,0.7135135135135133,Acetyl-ACP (c)
acACP_c,-0.21868566216392327,0.0,0.0,0.0,0.0,0.0,0.0,Acetyl-ACP (c)
ac_c,0.0,-0.0,-0.0,-0.0,-0.0,-0.0,0.7472972972972971,Acetate (c)
ac_m,0.0,0.7360735621605187,0.7360735621605189,0.7360735621605188,0.0,-7.524340524340525,1.1189189189189184,Acetate (m)
ac_c,-0.0,0.0,0.0,0.0,0.0,0.0,0.0,Acetate (c)
ac_e,-0.0,0.0,0.0,0.0,0.0,0.0,0.0,Acetate (e)
ac_m,-6.166639940552983,0.0,0.0,0.0,0.0,0.0,0.0,Acetate (m)
acac_c,0.0,-0.7656907135168006,-0.7656907135168001,-0.7656907135168002,-0.7656907135168003,-17.286518886518888,-0.0,Acetoacetate (c)
acac_m,0.0,-0.717042064868152,-0.7170420648681515,-0.7170420648681516,-0.7170420648681517,-17.23787023787024,0.04864864864864865,Acetoacetate (m)
acac_c,-0.765690713516801,0.0,0.0,0.0,0.0,0.0,0.0,Acetoacetate (c)
acac_e,-0.0,0.0,0.0,0.0,0.0,0.0,0.0,Acetoacetate (e)
acac_m,-0.7170420648681524,0.0,0.0,0.0,0.0,0.0,0.0,Acetoacetate (m)
acald_c,0.0,0.0029359594576985337,0.002935959457698978,-0.0,-0.0,-0.0,-0.0,Acetaldehyde (c)
acald_m,0.0,0.0029359594576985337,0.002935959457698978,0.0,0.0,0.0,0.0,Acetaldehyde (m)
acald_c,-6.433974251365555,0.0,0.0,0.0,0.0,0.0,0.0,Acetaldehyde (c)
acald_m,-6.433974251365555,0.0,0.0,0.0,0.0,0.0,0.0,Acetaldehyde (m)
accoa_c,0.0,2.0,2.0,2.0,2.0000000000000004,2.0,2.747297297297297,Acetyl-CoA (c)
accoa_m,0.0,-0.41033889729541906,-0.012687664861578296,-0.41033889729541884,-0.8210344297300827,2.475681075681076,-7.0864972864972895,Acetyl-CoA (m)
accoa_c,2.0,0.0,0.0,0.0,0.0,0.0,0.0,Acetyl-CoA (c)
accoa_m,1.173093651354521,0.0,0.0,0.0,0.0,0.0,0.0,Acetyl-CoA (m)
adn_c,0.0,3.0,3.0,3.0,1.2059979973023451,3.0,6.054064854064856,Adenosine (c)
adn_c,3.7012977621673278,0.0,0.0,0.0,0.0,0.0,0.0,Adenosine (c)
adp_c,0.0,1.0,1.0,1.0,-0.7940020026976549,1.0,4.054064854064856,ADP (c)
adp_m,0.0,0.7783783783783784,0.7783783783783784,0.7783783783783784,0.7783783783783784,0.7783783783783784,0.7783783783783784,ADP (m)
adp_c,1.7012977621673278,0.0,0.0,0.0,0.0,0.0,0.0,ADP (c)
adp_m,0.7783783783783783,0.0,0.0,0.0,0.0,0.0,0.0,ADP (m)
agm_m,0.0,4.335019856758987,-0.0,-2.69201797027884,-0.0,-12.059486459486461,-0.0,Agmatine (m)
agm_m,-2.6920179702788403,0.0,0.0,0.0,0.0,0.0,0.0,Agmatine (m)
ahcys_c,0.0,0.0,0.0,-0.0,-0.0,-0.0,3.0540648540648556,S-Adenosyl-L-homocysteine (c)
ahcys_c,2.916926786492005,0.0,0.0,0.0,0.0,0.0,0.0,S-Adenosyl-L-homocysteine (c)
akg_c,0.0,-1.398123145949233,-1.398123145949233,-1.3981231459492331,-1.398123145949233,-6.016227016227017,-0.0,2-Oxoglutarate (c)
akg_m,0.0,-1.4467717945978815,-1.4467717945978815,-1.4467717945978817,-1.4467717945978815,-6.064875664875666,-0.04864864864864866,2-Oxoglutarate (m)
akg_c,-1.398123145949233,0.0,0.0,0.0,0.0,0.0,0.0,2-Oxoglutarate (c)
akg_e,-0.0,0.0,0.0,0.0,0.0,0.0,0.0,2-Oxoglutarate (e)
akg_m,-1.4467717945978815,0.0,0.0,0.0,0.0,0.0,0.0,2-Oxoglutarate (m)
ala_B_c,0.0,-1.4796761405457057,-0.0,-0.0,-0.0,-0.0,-0.0,beta-Alanine (c)
ala_B_m,0.0,-1.4796761405457057,0.0,0.0,0.0,0.0,0.0,beta-Alanine (m)
ala_B_c,-1.479676140545706,0.0,0.0,0.0,0.0,0.0,0.0,beta-Alanine (c)
ala_B_e,-0.0,0.0,0.0,0.0,0.0,0.0,0.0,beta-Alanine (e)
ala_B_m,-1.479676140545706,0.0,0.0,0.0,0.0,0.0,0.0,beta-Alanine (m)
ala_L_c,0.0,-1.4310274918970571,-1.431027491897057,-1.4310274918970576,-1.431027491897057,-0.6973026973026983,-4.054064854064856,L-Alanine (c)
ala_L_m,0.0,-1.4796761405457057,-1.4796761405457055,-1.4796761405457057,-1.4796761405457057,-0.6973026973026983,-4.102713502713504,L-Alanine (m)
ala_L_c,-1.4310274918970574,0.0,0.0,0.0,0.0,0.0,0.0,L-Alanine (c)
ala_L_e,-0.0,0.0,0.0,0.0,0.0,0.0,0.0,L-Alanine (e)
ala_L_m,-1.479676140545706,0.0,0.0,0.0,0.0,0.0,0.0,L-Alanine (m)
alpa_hs_m,0.0,0.0,0.0,-0.7789106310845442,-3.179437483785311,-3.6702702702702696,-3.6702702702702705,1-Acyl-sn-glycerol 3-phosphate (m)
alpa_hs_m,1.2216216216216216,0.0,0.0,0.0,0.0,0.0,0.0,1-Acyl-sn-glycerol 3-phosphate (m)
alpro_m,0.0,-0.6589929459494672,-0.4481794351359568,-0.9263272567620403,-0.7155137459485286,-1.4594621594621595,-2.7729783729783737,S-Aminomethyldihydrolipoylprotein (m)
alpro_m,-0.6589929459494681,0.0,0.0,0.0,0.0,0.0,0.0,S-Aminomethyldihydrolipoylprotein (m)
am6sa_c,0.0,0.0,0.0,-0.0,-0.0,-0.0,-0.0,2-Aminomuconate semialdehyde (c)
am6sa_c,-0.8541747324356026,0.0,0.0,0.0,0.0,0.0,0.0,2-Aminomuconate semialdehyde (c)
amet_c,0.0,-0.0,-0.0,-0.0,0.0,0.0,3.0540648540648556,S-Adenosyl-L-methionine (c)
amet_c,2.916926786492005,0.0,0.0,0.0,0.0,0.0,0.0,S-Adenosyl-L-methionine (c)
amp_c,0.0,2.0,2.0,2.0,0.20599799730234514,2.0,5.054064854064856,AMP (c)
amp_m,0.0,1.5567567567567568,1.5567567567567568,1.5567567567567568,1.5567567567567568,1.5567567567567568,1.5567567567567568,AMP (m)
amp_c,2.7012977621673278,0.0,0.0,0.0,0.0,0.0,0.0,AMP (c)
amp_m,1.5567567567567566,0.0,0.0,0.0,0.0,0.0,0.0,AMP (m)
amuco_c,0.0,-0.0029359594576985337,-0.002935959457698978,-0.0029359594576985337,-0.0029359594576980896,1.6973026973026983,2.427032427032428,2-Aminomuconate (c)
amuco_c,-0.8571106918933011,0.0,0.0,0.0,0.0,0.0,0.0,2-Aminomuconate (c)
aprut_m,0.0,3.6116339594600464,-0.7233858972989406,-3.4154038675777807,-0.7233858972989408,-21.043286443286448,-0.34054054054054106,N-Acetylputrescine (m)
aprut_m,-3.4154038675777807,0.0,0.0,0.0,0.0,0.0,0.0,N-Acetylputrescine (m)
arg_L_c,0.0,-2.4703963486572182,-2.4703963486572182,-2.4703963486572182,-2.4703963486572182,-11.837864837864839,-7.378394578394581,L-Arginine (c)
arg_L_m,0.0,-2.69201797027884,-2.69201797027884,-2.69201797027884,-2.69201797027884,-12.059486459486461,-7.600016200016203,L-Arginine (m)
arg_L_c,-2.4703963486572187,0.0,0.0,0.0,0.0,0.0,0.0,L-Arginine (c)
arg_L_e,-0.0,0.0,0.0,0.0,0.0,0.0,0.0,L-Arginine (e)
arg_L_m,-2.6920179702788403,0.0,0.0,0.0,0.0,0.0,0.0,L-Arginine (m)
argsuc_c,0.0,-3.679802218932654,-3.679802218932654,-3.679802218932654,-3.679802218932654,-13.535167535167536,-12.432459432459437,N-(L-Arginino)succinate (c)
argsuc_c,-3.6798022189326547,0.0,0.0,0.0,0.0,0.0,0.0,N-(L-Arginino)succinate (c)
argsuc_e,-0.0,0.0,0.0,0.0,0.0,0.0,0.0,N-(L-Arginino)succinate (e)
asn_L_c,0.0,-1.7012977621673273,-1.701297762167327,-1.7012977621673273,-1.7012977621673273,-1.6973026973026974,-5.054064854064856,L-Asparagine (c)
asn_L_m,0.0,-1.7012977621673273,-1.701297762167327,-1.7012977621673273,-1.7012977621673273,-1.6973026973026974,-5.054064854064856,L-Asparagine (m)
asn_L_c,-1.7012977621673278,0.0,0.0,0.0,0.0,0.0,0.0,L-Asparagine (c)
asn_L_e,-0.0,0.0,0.0,0.0,0.0,0.0,0.0,L-Asparagine (e)
asn_L_m,-1.7012977621673278,0.0,0.0,0.0,0.0,0.0,0.0,L-Asparagine (m)
asp_L_c,0.0,-1.7012977621673273,-1.701297762167327,-1.7012977621673273,-1.7012977621673273,-1.6973026973026974,-5.054064854064856,L-Aspartate (c)
asp_L_m,0.0,-1.4796761405457057,-1.4796761405457055,-1.4796761405457057,-1.4796761405457057,-1.4270324270324277,-4.832443232443234,L-Aspartate (m)
asp_L_c,-1.7012977621673278,0.0,0.0,0.0,0.0,0.0,0.0,L-Aspartate (c)
asp_L_e,-0.0,0.0,0.0,0.0,0.0,0.0,0.0,L-Aspartate (e)
asp_L_m,-1.4796761405457062,0.0,0.0,0.0,0.0,0.0,0.0,L-Aspartate (m)
atp_c,0.0,-0.0,-0.0,0.0,-1.7940020026976549,0.0,3.0540648540648556,ATP (c)
atp_m,0.0,0.0,0.0,0.0,0.0,0.0,0.0,ATP (m)
atp_c,0.7012977621673278,0.0,0.0,0.0,0.0,0.0,0.0,ATP (c)
atp_m,0.0,0.0,0.0,0.0,0.0,0.0,0.0,ATP (m)
b2coa_m,0.0,-1.4010591054069317,-1.0034078729730906,-1.4010591054069312,-1.8117546378415952,-9.205421605421606,-10.124340524340528,Crotonoyl-CoA (m)
b2coa_m,0.18237344324300842,0.0,0.0,0.0,0.0,0.0,0.0,Crotonoyl-CoA (m)
bhb_c,0.0,-1.2059979973023454,-1.2059979973023447,-1.205997997302345,-1.205997997302345,-0.0,-0.0,(R)-3-Hydroxybutanoate (c)
bhb_m,0.0,-0.9843763756807238,-0.9843763756807231,-0.9843763756807233,-0.9843763756807233,0.22162162162162158,0.22162162162162163,(R)-3-Hydroxybutanoate (m)
bhb_c,-1.2059979973023458,0.0,0.0,0.0,0.0,0.0,0.0,(R)-3-Hydroxybutanoate (c)
bhb_e,-0.0,0.0,0.0,0.0,0.0,0.0,0.0,(R)-3-Hydroxybutanoate (e)
bhb_m,-0.9843763756807242,0.0,0.0,0.0,0.0,0.0,0.0,(R)-3-Hydroxybutanoate (m)
bilirub_c,0.0,-0.0,-0.0,-0.0,-0.0,-0.0,-0.0,Bilirubin (c)
bilirub_c,-0.0,0.0,0.0,0.0,0.0,0.0,0.0,Bilirubin (c)
bilirub_e,-0.0,0.0,0.0,0.0,0.0,0.0,0.0,Bilirubin (e)
biliverd_c,0.0,-0.0029359594576985337,-0.002935959457698978,-16.408840278405492,-16.09262001218523,1.0162202662202664,-0.954054054054054,Biliverdin (c)
biliverd_c,-0.0029359594576985337,0.0,0.0,0.0,0.0,0.0,0.0,Biliverdin (c)
biomass_c,0.0,-0.0,-0.0,-0.0,-0.0,-0.0,-0.0,Biomass (c)
biomass_m,0.0,-0.0,-0.0,-0.0,-0.0,-0.0,-0.0,Biomass (m)
biomass_c,-0.0,0.0,0.0,0.0,0.0,0.0,0.0,Biomass (c)
biomass_e,-0.0,0.0,0.0,0.0,0.0,0.0,0.0,Biomass (e)
biomass_m,-0.0,0.0,0.0,0.0,0.0,0.0,0.0,Biomass (m)
btcoa_m,0.0,-0.5927123405384276,-0.19506110810458654,-0.5927123405384274,-1.003407872973091,-10.827043227043227,-11.74596214596215,Butanoyl-CoA (m)
btcoa_m,0.9907202081115125,0.0,0.0,0.0,0.0,0.0,0.0,Butanoyl-CoA (m)
but_c,0.0,-0.0,-0.0,-0.0,-0.0,-21.04868644868645,-3.762167562167563,Butanoic acid (c)
but_m,0.0,0.22162162162162158,0.22162162162162158,0.22162162162162158,0.22162162162162158,-20.827064827064827,-3.5405459405459414,Butanoic acid (m)
but_c,-0.0,0.0,0.0,0.0,0.0,0.0,0.0,Butanoic acid (c)
but_e,-0.0,0.0,0.0,0.0,0.0,0.0,0.0,Butanoic acid (e)
but_m,0.22162162162162158,0.0,0.0,0.0,0.0,0.0,0.0,Butanoic acid (m)
cbp_m,0.0,2.6433693216301912,2.6433693216301912,2.6433693216301912,2.6433693216301912,2.172972972972973,2.172972972972973,Carbamoyl phosphate (m)
cbp_m,2.6433693216301917,0.0,0.0,0.0,0.0,0.0,0.0,Carbamoyl phosphate (m)
cdp_m,0.0,0.0,0.0,0.7783783783783784,-0.7783783783783784,0.7783783783783784,-0.7783783783783784,CDP (m)
cdp_m,0.0,0.0,0.0,0.0,0.0,0.0,0.0,CDP (m)
cdpdag_hs_m,0.0,1.7464781986521118,1.7464781986521114,-0.6810810810810811,0.565394417568331,2.3675675675675674,0.810810810810811,CDP-diacylglycerol (m)
cdpdag_hs_m,-1.4594594594594594,0.0,0.0,0.0,0.0,0.0,0.0,CDP-diacylglycerol (m)
cgly_c,0.0,-2.4060033973077446,-2.195189886494234,-2.406003397307746,-2.1951898864942345,-2.156764856764858,-6.875691875691878,Cys-Gly (c)
cgly_c,-2.406003397307746,0.0,0.0,0.0,0.0,0.0,0.0,Cys-Gly (c)
chol_c,0.0,-0.0,-0.0,-0.0,-0.0,-0.0,-0.0,Choline (c)
chol_m,0.0,-0.22162162162162158,-0.22162162162162158,-0.22162162162162158,-0.22162162162162158,-0.22162162162162158,-0.22162162162162163,Choline (m)
chol_c,-0.0,0.0,0.0,0.0,0.0,0.0,0.0,Choline (c)
chol_e,-0.0,0.0,0.0,0.0,0.0,0.0,0.0,Choline (e)
chol_m,-0.22162162162162158,0.0,0.0,0.0,0.0,0.0,0.0,Choline (m)
cit_c,0.0,-1.6168088081131557,-1.5114020527064005,-1.6168088081131566,-1.5114020527064005,-7.935151335151336,-0.8797351297351304,Citrate (c)
cit_m,0.0,-1.7141061054104532,-1.7141061054104532,-1.7141061054104534,-1.7141061054104532,-8.762178362178364,-2.7459513459513465,Citrate (m)
cit_c,-1.6168088081131562,0.0,0.0,0.0,0.0,0.0,0.0,Citrate (c)
cit_e,-0.0,0.0,0.0,0.0,0.0,0.0,0.0,Citrate (e)
cit_m,-1.7141061054104534,0.0,0.0,0.0,0.0,0.0,0.0,Citrate (m)
citr_L_c,0.0,-0.0,-0.0,-0.0,-0.0,-9.837864837864839,-5.378394578394581,L-Citrulline (c)
citr_L_m,0.0,-0.0,-0.0,-0.0,-0.0,-9.837864837864839,-5.378394578394581,L-Citrulline (m)
citr_L_c,-0.0,0.0,0.0,0.0,0.0,0.0,0.0,L-Citrulline (c)
citr_L_e,-0.0,0.0,0.0,0.0,0.0,0.0,0.0,L-Citrulline (e)
citr_L_m,-0.0,0.0,0.0,0.0,0.0,0.0,0.0,L-Citrulline (m)
clpn_hs_m,0.0,0.0,0.0,0.0,0.0,0.0,0.0,Cardiolipin (m)
clpn_hs_m,4.001064505412332,0.0,0.0,0.0,0.0,0.0,0.0,Cardiolipin (m)
cmp_m,0.0,0.7783783783783784,0.7783783783783784,1.5567567567567568,0.0,1.5567567567567568,0.0,CMP (m)
cmp_m,0.7783783783783783,0.0,0.0,0.0,0.0,0.0,0.0,CMP (m)
cmusa_c,0.0,-0.0,-0.0,0.0,0.0,0.0,0.0,2-Amino-3-carboxymuconate semialdehyde (c)
cmusa_c,-0.8541747324356026,0.0,0.0,0.0,0.0,0.0,0.0,2-Amino-3-carboxymuconate semialdehyde (c)
co2_c,0.0,-0.0,-0.0,-0.0,-0.0,-0.0,-0.0,CO2 (c)
co2_m,0.0,-0.0,-0.0,-0.0,-0.0,-0.0,-0.0,CO2 (m)
co2_c,-0.0,0.0,0.0,0.0,0.0,0.0,0.0,CO2 (c)
co2_e,-0.0,0.0,0.0,0.0,0.0,0.0,0.0,CO2 (e)
co2_m,-0.0,0.0,0.0,0.0,0.0,0.0,0.0,CO2 (m)
co_c,0.0,-0.0,-0.0,-0.0,-0.0,-0.0,-0.0,CO (c)
co_c,-0.0,0.0,0.0,0.0,0.0,0.0,0.0,CO (c)
co_e,-0.0,0.0,0.0,0.0,0.0,0.0,0.0,CO (e)
coa_c,0.0,2.0,2.0,2.0,2.0000000000000004,2.0,2.0,CoA (c)
coa_m,0.0,0.3130470000035218,0.7106982324373624,0.3130470000035219,-0.09764853243114191,11.45948105948106,-6.745956745956748,CoA (m)
coa_c,2.0,0.0,0.0,0.0,0.0,0.0,0.0,CoA (c)
coa_m,1.8964795486534616,0.0,0.0,0.0,0.0,0.0,0.0,CoA (m)
cpppg3_c,0.0,0.0,0.0,-0.0,-0.0,-0.0,-0.0,Coproporphyrinogen III (c)
cpppg3_c,12.593085175693869,0.0,0.0,0.0,0.0,0.0,0.0,Coproporphyrinogen III (c)
creat_c,0.0,-0.0,-0.0,-0.0,-0.0,-0.0,-0.0,Creatine (c)
creat_m,0.0,0.0,0.0,0.0,0.0,0.0,0.0,Creatine (m)
creat_c,-0.0,0.0,0.0,0.0,0.0,0.0,0.0,Creatine (c)
creat_e,-0.0,0.0,0.0,0.0,0.0,0.0,0.0,Creatine (e)
creat_m,0.0,0.0,0.0,0.0,0.0,0.0,0.0,Creatine (m)
crn_c,0.0,2.0,2.0,2.0,2.0000000000000004,2.0,2.0,L-Carnitine (c)
crn_m,0.0,2.0,2.0,2.0,2.0000000000000004,2.0,2.0,L-Carnitine (m)
crn_c,2.0,0.0,0.0,0.0,0.0,0.0,0.0,L-Carnitine (c)
crn_m,2.0,0.0,0.0,0.0,0.0,0.0,0.0,L-Carnitine (m)
ctp_m,0.0,-0.7783783783783784,1.6491809013548142,0.0,0.4680971202710337,0.0,0.7135135135135137,CTP (m)
ctp_m,-0.7783783783783783,0.0,0.0,0.0,0.0,0.0,0.0,CTP (m)
cyan_c,0.0,-0.0,-0.0,-0.0,-0.0,-0.0,-0.0,Cyanide ion (c)
cyan_m,0.0,-0.0,-0.0,-0.0,-0.0,-0.0,-0.0,Cyanide ion (m)
cyan_c,-0.0,0.0,0.0,0.0,0.0,0.0,0.0,Cyanide ion (c)
cyan_e,-0.0,0.0,0.0,0.0,0.0,0.0,0.0,Cyanide ion (e)
cyan_m,-0.0,0.0,0.0,0.0,0.0,0.0,0.0,Cyanide ion (m)
cys_L_c,0.0,-1.4796761405457057,-1.4796761405457055,-1.4796761405457057,-1.4796761405457057,-0.6973026973026988,-4.102713502713504,L-Cysteine (c)
cys_L_m,0.0,-1.4796761405457057,-1.4796761405457055,-1.4796761405457057,-1.4796761405457057,-0.6973026973026979,-4.102713502713504,L-Cysteine (m)
cys_L_c,-1.479676140545706,0.0,0.0,0.0,0.0,0.0,0.0,L-Cysteine (c)
cys_L_e,-0.0,0.0,0.0,0.0,0.0,0.0,0.0,L-Cysteine (e)
cys_L_m,-1.479676140545706,0.0,0.0,0.0,0.0,0.0,0.0,L-Cysteine (m)
cyst_L_c,0.0,-1.4826121000034043,-3.942071559462864,-1.4826121000034043,-2.148069556765209,-0.6973026973026988,-4.102713502713504,L-Cystathionine (c)
cyst_L_c,-2.1480695567652095,0.0,0.0,0.0,0.0,0.0,0.0,L-Cystathionine (c)
dc2coa_m,0.0,-1.9481794351359567,-1.5505282027021177,-1.9481794351359567,-2.358874967570621,-49.11359451359451,-24.10273510273511,trans-Dec-2-enoyl-CoA (m)
dc2coa_m,-0.3647468864860173,0.0,0.0,0.0,0.0,0.0,0.0,trans-Dec-2-enoyl-CoA (m)
dcacoa_m,0.0,-1.1398326702674526,-0.7421814378336136,-1.1398326702674528,-1.550528202702117,-50.73521613521613,-25.72435672435673,Decanoyl-CoA (m)
dcacoa_m,0.4435998783824866,0.0,0.0,0.0,0.0,0.0,0.0,Decanoyl-CoA (m)
dcamp_c,0.0,0.7905941297245644,0.7905941297245647,-0.7012977621673273,-1.0034078729730904,-0.6973026973026966,0.0,"N6-(1,2-Dicarboxyethyl)-AMP (c)"
dcamp_c,0.0,0.0,0.0,0.0,0.0,0.0,0.0,"N6-(1,2-Dicarboxyethyl)-AMP (c)"
dd2coa_m,0.0,-2.1305528783789653,-1.7329016459451254,-2.1305528783789653,-2.5412484108136293,-62.41631881631881,-28.762199962199972,2-trans-Dodecenoyl-CoA (m)
dd2coa_m,-0.547120329729025,0.0,0.0,0.0,0.0,0.0,0.0,2-trans-Dodecenoyl-CoA (m)
ddcaACP_c,0.0,-0.21868566216392282,-0.11327890675716762,-0.0,-0.11327890675716767,-0.0,0.17972972972972975,Dodecanoyl-ACP (c)
ddcaACP_c,-0.21868566216392327,0.0,0.0,0.0,0.0,0.0,0.0,Dodecanoyl-ACP (c)
ddcacoa_m,0.0,-1.3222061135104612,-0.9245548810766212,-1.3222061135104612,-1.7329016459451254,-64.03794043794043,-30.383821583821593,Lauroyl-CoA (m)
ddcacoa_m,0.26122643513947885,0.0,0.0,0.0,0.0,0.0,0.0,Lauroyl-CoA (m)
dhap_c,0.0,-2.9391356000051654,-2.939135600005165,-2.939135600005166,-2.939135600005166,-1.0,-1.0,Glycerone phosphate (c)
dhap_c,-2.9391356000051654,0.0,0.0,0.0,0.0,0.0,0.0,Glycerone phosphate (c)
dhbpt_c,0.0,0.0,0.0,-0.0029359594576985337,-0.0029359594576980896,20.681124281124283,7.481097281097284,Dihydrobiopterin (c)
dhbpt_c,0.0,0.0,0.0,0.0,0.0,0.0,0.0,Dihydrobiopterin (c)
dhf_c,0.0,0.0,0.0,0.0,0.0,0.0,0.0,Dihydrofolate (c)
dhf_m,0.0,-0.04571268919095006,-0.04571268919095006,0.0,0.0,0.0,0.0,Dihydrofolate (m)
dhf_c,0.0,0.0,0.0,0.0,0.0,0.0,0.0,Dihydrofolate (c)
dhf_m,-0.045712689190950284,0.0,0.0,0.0,0.0,0.0,0.0,Dihydrofolate (m)
dhlpro_m,0.0,0.0,0.0,-0.26733431081257175,-0.26733431081257164,-2.6973026973026974,-2.697302697302698,Dihydrolipoylprotein (m)
dhlpro_m,0.0,0.0,0.0,0.0,0.0,0.0,0.0,Dihydrolipoylprotein (m)
e4p_c,0.0,-3.58551413334022,-3.58551413334022,-3.585514133340221,-3.5855141333402214,-1.0,-1.0,D-Erythrose 4-phosphate (c)
e4p_c,-3.5855141333402205,0.0,0.0,0.0,0.0,0.0,0.0,D-Erythrose 4-phosphate (c)
etoh_c,0.0,-0.2157497027062243,-0.11034294729946864,0.0,0.0,0.0,0.0,Ethanol (c)
etoh_c,-6.652659913529479,0.0,0.0,0.0,0.0,0.0,0.0,Ethanol (c)
etoh_e,-0.0,0.0,0.0,0.0,0.0,0.0,0.0,Ethanol (e)
f6p_c,0.0,-4.878271200010331,-4.87827120001033,-4.878271200010332,-4.878271200010332,-1.0,-1.0,D-Fructose 6-phosphate (c)
f6p_c,-4.878271200010331,0.0,0.0,0.0,0.0,0.0,0.0,D-Fructose 6-phosphate (c)
fdp_c,0.0,-5.878271200010331,-5.87827120001033,-5.878271200010332,-5.878271200010332,-2.0,-2.0,"D-Fructose 1,6-bisphosphate (c)"
fdp_c,-5.878271200010331,0.0,0.0,0.0,0.0,0.0,0.0,"D-Fructose 1,6-bisphosphate (c)"
fe2_c,0.0,-0.0,-0.0,-0.0,-0.0,-0.0,-0.0,Fe2 (c)
fe2_m,0.0,-0.44324324324324316,-0.44324324324324316,-0.44324324324324316,-0.44324324324324316,-0.44324324324324316,-0.44324324324324327,Fe2 (m)
fe2_c,-0.0,0.0,0.0,0.0,0.0,0.0,0.0,Fe2 (c)
fe2_e,-0.0,0.0,0.0,0.0,0.0,0.0,0.0,Fe2 (e)
fe2_m,-0.44324324324324316,0.0,0.0,0.0,0.0,0.0,0.0,Fe2 (m)
ficytC_m,0.0,-0.6744436527045223,-0.6744436527045224,-0.9447139229747925,-0.9447139229747927,0.27027027027027023,0.2702702702702703,Ferricytochrome c (m)
ficytC_m,-0.6744436527045221,0.0,0.0,0.0,0.0,0.0,0.0,Ferricytochrome c (m)
focytC_m,0.0,0.0,0.0,0.0,0.0,0.0,0.0,Ferrocytochrome c (m)
focytC_m,0.0,0.0,0.0,0.0,0.0,0.0,0.0,Ferrocytochrome c (m)
fol_c,0.0,-0.0,-0.0,-0.0,-0.0,-0.0,-0.0,Folate (c)
fol_m,0.0,0.22162162162162158,0.22162162162162158,0.22162162162162158,0.22162162162162158,0.22162162162162158,0.22162162162162163,Folate (m)
fol_c,-0.0,0.0,0.0,0.0,0.0,0.0,0.0,Folate (c)
fol_e,-0.0,0.0,0.0,0.0,0.0,0.0,0.0,Folate (e)
fol_m,0.22162162162162158,0.0,0.0,0.0,0.0,0.0,0.0,Folate (m)
for_c,0.0,-0.0,-0.0,-0.0,-0.0,-0.0,-0.0,Formate (c)
for_m,0.0,0.22162162162162158,0.22162162162162158,0.22162162162162158,0.22162162162162158,0.22162162162162158,0.22162162162162163,Formate (m)
for_c,-0.0,0.0,0.0,0.0,0.0,0.0,0.0,Formate (c)
for_e,-0.0,0.0,0.0,0.0,0.0,0.0,0.0,Formate (e)
for_m,0.22162162162162158,0.0,0.0,0.0,0.0,0.0,0.0,Formate (m)
forglu_c,0.0,-2.105764740547349,-2.0003579851405937,-2.10576474054735,-2.0003579851405937,-6.983798633798635,-2.3540594540594553,N-Formimino-L-glutamate (c)
forglu_c,-2.1057647405473494,0.0,0.0,0.0,0.0,0.0,0.0,N-Formimino-L-glutamate (c)
fum_c,0.0,-1.2094058702754356,-1.2094058702754353,-1.2094058702754356,-1.2094058702754356,-1.6973026973026983,-5.054064854064856,Fumarate (c)
fum_m,0.0,-1.2580545189240842,-1.258054518924084,-1.2580545189240842,-1.2580545189240842,-1.745951345951347,-5.102713502713504,Fumarate (m)
fum_c,-1.2094058702754358,0.0,0.0,0.0,0.0,0.0,0.0,Fumarate (c)
fum_e,-0.0,0.0,0.0,0.0,0.0,0.0,0.0,Fumarate (e)
fum_m,-1.2580545189240844,0.0,0.0,0.0,0.0,0.0,0.0,Fumarate (m)
g3p_c,0.0,-2.9391356000051654,-2.939135600005165,-2.939135600005166,-2.939135600005166,-1.0,-1.0,D-Glyceraldehyde 3-phosphate (c)
g3p_c,-2.9391356000051654,0.0,0.0,0.0,0.0,0.0,0.0,D-Glyceraldehyde 3-phosphate (c)
g6p_c,0.0,-4.878271200010331,-4.87827120001033,-4.878271200010332,-4.878271200010332,-1.0,-1.0,D-Glucose 6-phosphate (c)
g6p_c,-4.878271200010331,0.0,0.0,0.0,0.0,0.0,0.0,D-Glucose 6-phosphate (c)
gdp_c,0.0,1.0,1.0,1.0,1.0,0.9999999999999991,1.0,GDP (c)
gdp_m,0.0,0.0,0.0,0.7783783783783785,0.7783783783783785,0.7783783783783784,0.7783783783783793,GDP (m)
gdp_c,1.0,0.0,0.0,0.0,0.0,0.0,0.0,GDP (c)
gdp_m,0.0,0.0,0.0,0.0,0.0,0.0,0.0,GDP (m)
glc_D_c,0.0,-3.8782712000103308,-3.87827120001033,-3.8782712000103317,-3.8782712000103317,-0.0,-0.0,D-Glucose (c)
glc_D_c,-3.8782712000103308,0.0,0.0,0.0,0.0,0.0,0.0,D-Glucose (c)
glc_D_e,-0.0,0.0,0.0,0.0,0.0,0.0,0.0,D-Glucose (e)
gln_L_c,0.0,-2.157349348653696,-2.157349348653696,-2.1573493486536965,-2.157349348653696,-7.935151335151336,-2.6973026973026983,L-Glutamine (c)
gln_L_m,0.0,-2.157349348653696,-2.157349348653696,-2.1573493486536965,-2.157349348653696,-7.935151335151336,-2.6973026973026983,L-Glutamine (m)
gln_L_c,-2.1573493486536965,0.0,0.0,0.0,0.0,0.0,0.0,L-Glutamine (c)
gln_L_e,-0.0,0.0,0.0,0.0,0.0,0.0,0.0,L-Glutamine (e)
gln_L_m,-2.1573493486536965,0.0,0.0,0.0,0.0,0.0,0.0,L-Glutamine (m)
glu5p_m,0.0,-1.9843763756807236,-1.9843763756807236,-1.9843763756807236,-2.714106105410453,-7.762178362178364,-3.254059454059455,L-Glutamyl 5-phosphate (m)
glu5p_m,-1.9843763756807233,0.0,0.0,0.0,0.0,0.0,0.0,L-Glutamyl 5-phosphate (m)
glu5sa_m,0.0,-2.2030620378446466,-2.2030620378446466,-2.2030620378446466,-2.2030620378446466,-10.410832410832413,-5.172983772983775,L-Glutamate 5-semialdehyde (m)
glu5sa_m,-2.2030620378446466,0.0,0.0,0.0,0.0,0.0,0.0,L-Glutamate 5-semialdehyde (m)
glu_L_c,0.0,-1.8870790783834261,-1.8870790783834261,-1.8870790783834264,-1.8870790783834261,-7.713529713529715,-2.427032427032428,L-Glutamate (c)
glu_L_m,0.0,-1.9357277270320747,-1.9357277270320747,-1.935727727032075,-1.9357277270320747,-7.713529713529715,-2.4756810756810768,L-Glutamate (m)
glu_L_c,-1.8870790783834264,0.0,0.0,0.0,0.0,0.0,0.0,L-Glutamate (c)
glu_L_e,-0.0,0.0,0.0,0.0,0.0,0.0,0.0,L-Glutamate (e)
glu_L_m,-1.935727727032075,0.0,0.0,0.0,0.0,0.0,0.0,L-Glutamate (m)
glucys_c,0.0,-2.366755218929132,-2.366755218929132,-2.3667552189291317,-2.366755218929132,-7.410832410832413,-5.529745929745932,gamma-L-Glutamyl-L-cysteine (c)
glucys_c,-2.366755218929132,0.0,0.0,0.0,0.0,0.0,0.0,gamma-L-Glutamyl-L-cysteine (c)
glutcoa_m,0.0,-0.5927123405384276,-0.19506110810458654,-0.5927123405384273,-1.003407872973091,-10.827043227043227,-11.74596214596215,Glutaryl-CoA (m)
glutcoa_m,0.9907202081115123,0.0,0.0,0.0,0.0,0.0,0.0,Glutaryl-CoA (m)
gly_c,0.0,-0.9263272567620389,-0.7155137459485285,-0.9263272567620403,-0.7155137459485286,-1.4594621594621595,-2.7729783729783737,Glycine (c)
gly_m,0.0,-0.9263272567620389,-0.7155137459485285,-0.9263272567620403,-0.7155137459485286,-1.4594621594621595,-2.7729783729783737,Glycine (m)
gly_c,-0.92632725676204,0.0,0.0,0.0,0.0,0.0,0.0,Glycine (c)
gly_e,-0.0,0.0,0.0,0.0,0.0,0.0,0.0,Glycine (e)
gly_m,-0.92632725676204,0.0,0.0,0.0,0.0,0.0,0.0,Glycine (m)
glyc3p_c,0.0,-2.936199640547467,-2.936199640547466,-2.9361996405474673,-2.130788835136662,-2.6216216216216215,-2.621621621621622,sn-Glycerol 3-phosphate (c)
glyc3p_m,0.0,-2.4929563973042237,-2.492956397304223,1.2210893689154558,-1.1794374837853105,-1.6702702702702699,-1.6702702702702705,sn-Glycerol 3-phosphate (m)
glyc3p_c,-2.936199640547467,0.0,0.0,0.0,0.0,0.0,0.0,sn-Glycerol 3-phosphate (c)
glyc3p_m,3.2216216216216216,0.0,0.0,0.0,0.0,0.0,0.0,sn-Glycerol 3-phosphate (m)
glyc_c,0.0,-1.9361996405474668,-1.936199640547466,-1.9361996405474673,-1.130788835136662,-1.6216216216216215,-1.621621621621622,Glycerol (c)
glyc_m,0.0,-1.9361996405474668,-1.936199640547466,-1.9361996405474673,-1.130788835136662,-1.6216216216216215,-1.621621621621622,Glycerol (m)
glyc_c,-1.9361996405474668,0.0,0.0,0.0,0.0,0.0,0.0,Glycerol (c)
glyc_e,-0.0,0.0,0.0,0.0,0.0,0.0,0.0,Glycerol (e)
glyc_m,-1.9361996405474668,0.0,0.0,0.0,0.0,0.0,0.0,Glycerol (m)
gthox_c,0.0,-13.935057656796786,-13.494513066252196,-13.446101724362595,-8.164537929755321,-21.43789183789184,-18.678421578421585,Glutathione disulfide (c)
gthox_m,0.0,2.78344334866074,0.26733431081257164,2.78344334866074,0.26733431081257164,6.189205389205391,2.697302697302698,Glutathione disulfide (m)
gthox_c,-13.810733332472463,0.0,0.0,0.0,0.0,0.0,0.0,Glutathione disulfide (c)
gthox_m,13.378059543276937,0.0,0.0,0.0,0.0,0.0,0.0,Glutathione disulfide (m)
gthrd_c,0.0,-4.293082475691171,-4.0822689648776604,-4.293082475691172,-4.0822689648776604,-9.870294570294572,-9.302724302724306,Glutathione (c)
gthrd_m,0.0,1.2580545189240842,0.0,1.2580545189240842,-0.0,1.745951345951347,-0.0,Glutathione (m)
gthrd_c,-4.293082475691172,0.0,0.0,0.0,0.0,0.0,0.0,Glutathione (c)
gthrd_m,6.555362616232182,0.0,0.0,0.0,0.0,0.0,0.0,Glutathione (m)
gtp_c,0.0,0.0,0.0,0.0,0.0,0.0,0.0,GTP (c)
gtp_m,0.0,-0.7783783783783784,-0.7783783783783784,0.0,0.0,0.0,0.0,GTP (m)
gtp_c,0.0,0.0,0.0,0.0,0.0,0.0,0.0,GTP (c)
gtp_m,-0.7783783783783783,0.0,0.0,0.0,0.0,0.0,0.0,GTP (m)
h2o2_c,0.0,-5.348892705414444,-5.329975136496875,-4.859936772980251,0.0,-1.6973026973026961,-0.07297297297297334,Hydrogen peroxide (c)
h2o2_m,0.0,0.26733431081257164,0.26733431081257164,0.26733431081257164,0.26733431081257164,2.697302697302697,2.697302697302698,Hydrogen peroxide (m)
h2o2_c,-5.22456838109012,0.0,0.0,0.0,0.0,0.0,0.0,Hydrogen peroxide (c)
h2o2_m,0.26733431081257186,0.0,0.0,0.0,0.0,0.0,0.0,Hydrogen peroxide (m)
h2o_c,0.0,-0.0,-0.0,-0.0,-0.0,-0.0,-0.0,H2O (c)
h2o_m,0.0,-0.0,-0.0,-0.0,-0.0,-0.0,-0.0,H2O (m)
h2o_c,-0.0,0.0,0.0,0.0,0.0,0.0,0.0,H2O (c)
h2o_e,-0.0,0.0,0.0,0.0,0.0,0.0,0.0,H2O (e)
h2o_m,-0.0,0.0,0.0,0.0,0.0,0.0,0.0,H2O (m)
hLkynr_c,0.0,-9.938559208124426,-1.431027491897057,0.0,0.0,0.0,0.0,3-Hydroxy-L-kynurenine (c)
hLkynr_c,2.5747345486475908,0.0,0.0,0.0,0.0,0.0,0.0,3-Hydroxy-L-kynurenine (c)
h_c,0.0,-0.0,-0.0,-0.0,-0.0,-0.0,-0.0,H (c)
h_m,0.0,-0.0,-0.0,-0.0,-0.0,-0.0,-0.0,H (m)
h_c,-0.0,0.0,0.0,0.0,0.0,0.0,0.0,H (c)
h_e,-0.0,0.0,0.0,0.0,0.0,0.0,0.0,H (e)
h_m,-0.0,0.0,0.0,0.0,0.0,0.0,0.0,H (m)
hco3_c,0.0,-0.0,-0.0,-0.0,-0.0,-0.0,-0.0,HCO3- (c)
hco3_m,0.0,-0.0,-0.0,-0.0,-0.0,-0.0,-0.0,HCO3- (m)
hco3_c,-0.0,0.0,0.0,0.0,0.0,0.0,0.0,HCO3- (c)
hco3_e,-0.0,0.0,0.0,0.0,0.0,0.0,0.0,HCO3- (e)
hco3_m,-0.0,0.0,0.0,0.0,0.0,0.0,0.0,HCO3- (m)
hcys_L_c,0.0,-0.11891351891351976,-3.0,-0.11891351891351709,-1.2059979973023451,-0.6973026973026988,-1.4756810756810768,Homocysteine (c)
hcys_L_c,-0.784370975675323,0.0,0.0,0.0,0.0,0.0,0.0,Homocysteine (c)
hdca_c,0.0,-0.0,-0.0,-0.0,-0.0,-0.0,-0.0,Hexadecanoic acid (c)
hdca_m,0.0,-0.0,-2.0,-2.0,-0.0,-0.0,-0.0,Hexadecanoic acid (m)
hdca_c,-0.0,0.0,0.0,0.0,0.0,0.0,0.0,Hexadecanoic acid (c)
hdca_e,-0.0,0.0,0.0,0.0,0.0,0.0,0.0,Hexadecanoic acid (e)
hdca_m,-0.0,0.0,0.0,0.0,0.0,0.0,0.0,Hexadecanoic acid (m)
hgentis_c,0.0,2.8848401891880155,2.884840189188016,-4.370980840546057,2.884840189188016,-18.983821583821587,-5.054064854064856,Homogentisate (c)
hgentis_c,2.884840189188014,0.0,0.0,0.0,0.0,0.0,0.0,Homogentisate (c)
his_L_c,0.0,-2.105764740547349,-2.0003579851405937,-2.10576474054735,-2.0003579851405937,-6.983798633798635,-2.3540594540594553,L-Histidine (c)
his_L_m,0.0,-2.105764740547349,-2.0003579851405937,-2.10576474054735,-2.0003579851405937,-6.983798633798635,-2.3540594540594553,L-Histidine (m)
his_L_c,-2.1057647405473494,0.0,0.0,0.0,0.0,0.0,0.0,L-Histidine (c)
his_L_e,-0.0,0.0,0.0,0.0,0.0,0.0,0.0,L-Histidine (e)
his_L_m,-2.1057647405473494,0.0,0.0,0.0,0.0,0.0,0.0,L-Histidine (m)
hmbil_c,0.0,0.0,0.0,-0.0,-0.0,-0.0,-0.0,Hydroxymethylbilane (c)
hmbil_c,12.593085175693869,0.0,0.0,0.0,0.0,0.0,0.0,Hydroxymethylbilane (c)
hmgcoa_m,0.0,-1.127380962163571,-0.7297297297297298,-1.1273809621635704,-1.5380764945982344,-14.762189162189165,-7.037848637848641,(S)-3-Hydroxy-3-methylglutaryl-CoA (m)
hmgcoa_m,0.45605158648636857,0.0,0.0,0.0,0.0,0.0,0.0,(S)-3-Hydroxy-3-methylglutaryl-CoA (m)
ibcoa_m,0.0,0.8083467648685041,0.5346686216251432,0.808346764868504,0.658641710815623,15.805437805437807,-1.6216216216216217,2-Methylpropanoyl-CoA (m)
ibcoa_m,1.7204499378412417,0.0,0.0,0.0,0.0,0.0,0.0,2-Methylpropanoyl-CoA (m)
icit_c,0.0,-1.6168088081131557,-1.5114020527064005,-1.6168088081131566,-1.5114020527064005,-7.935151335151336,-0.8797351297351304,Isocitrate (c)
icit_m,0.0,-1.7141061054104532,-1.7141061054104532,-1.7141061054104534,-1.7141061054104532,-8.762178362178364,-2.7459513459513465,Isocitrate (m)
icit_c,-1.6168088081131562,0.0,0.0,0.0,0.0,0.0,0.0,Isocitrate (c)
icit_e,-0.0,0.0,0.0,0.0,0.0,0.0,0.0,Isocitrate (e)
icit_m,-1.7141061054104534,0.0,0.0,0.0,0.0,0.0,0.0,Isocitrate (m)
ile_L_c,0.0,-0.7170420648681519,-1.388371440545353,-0.0,-0.0,-0.0,-0.0,L-Isoleucine (c)
ile_L_m,0.0,-0.7170420648681519,-1.388371440545353,-0.0,-0.0,-0.0,-0.0,L-Isoleucine (m)
ile_L_c,-1.388371440545354,0.0,0.0,0.0,0.0,0.0,0.0,L-Isoleucine (c)
ile_L_e,-0.0,0.0,0.0,0.0,0.0,0.0,0.0,L-Isoleucine (e)
ile_L_m,-1.388371440545354,0.0,0.0,0.0,0.0,0.0,0.0,L-Isoleucine (m)
imp_c,0.0,2.0,2.0,2.0,0.20599799730234514,2.0,5.054064854064856,IMP (c)
imp_c,2.7012977621673278,0.0,0.0,0.0,0.0,0.0,0.0,IMP (c)
ivcoa_m,0.0,0.41069553243466284,0.8083467648685041,0.4106955324346634,0.0,-15.654081054081056,-7.929740529740533,3-Methylbutanoyl-CoA (m)
ivcoa_m,1.994128081084602,0.0,0.0,0.0,0.0,0.0,0.0,3-Methylbutanoyl-CoA (m)
lac_D_m,0.0,-1.2580545189240842,-1.258054518924084,-1.2580545189240842,-1.2580545189240842,-1.745951345951347,-4.372983772983774,(R)-Lactate (m)
lac_D_m,-1.2580545189240844,0.0,0.0,0.0,0.0,0.0,0.0,(R)-Lactate (m)
lac_L_c,0.0,-0.9391356000051654,-0.9391356000051647,-0.9391356000051658,-0.9391356000051658,-0.0,-0.0,(S)-Lactate (c)
lac_L_c,-0.9391356000051654,0.0,0.0,0.0,0.0,0.0,0.0,(S)-Lactate (c)
lac_L_e,-0.0,0.0,0.0,0.0,0.0,0.0,0.0,(S)-Lactate (e)
leu_L_c,0.0,-0.658641710815624,-0.6586417108156232,-0.0,-0.0,-0.0,-0.0,L-Leucine (c)
leu_L_m,0.0,-0.658641710815624,-0.6586417108156232,-0.0,-0.0,-0.0,-0.0,L-Leucine (m)
leu_L_c,-0.6586417108156251,0.0,0.0,0.0,0.0,0.0,0.0,L-Leucine (c)
leu_L_e,-0.0,0.0,0.0,0.0,0.0,0.0,0.0,L-Leucine (e)
leu_L_m,-0.6586417108156251,0.0,0.0,0.0,0.0,0.0,0.0,L-Leucine (m)
lgt_S_m,0.0,0.0,0.0,0.0,0.0,0.0,0.0,(R)-S-Lactoylglutathione (m)
lgt_S_m,0.0,0.0,0.0,0.0,0.0,0.0,0.0,(R)-S-Lactoylglutathione (m)
lpro_m,0.0,0.2673343108125717,0.26733431081257164,0.0,0.0,0.0,0.0,Lipoylprotein (m)
lpro_m,0.26733431081257186,0.0,0.0,0.0,0.0,0.0,0.0,Lipoylprotein (m)
lys_L_c,0.0,-2.196718205413858,-2.196718205413858,-0.0,-0.0,-0.0,-0.0,L-Lysine (c)
lys_L_m,0.0,-2.4183398270354797,-2.4183398270354797,-0.22162162162162158,-0.22162162162162158,-0.22162162162162158,-0.22162162162162163,L-Lysine (m)
lys_L_c,-2.1967182054138585,0.0,0.0,0.0,0.0,0.0,0.0,L-Lysine (c)
lys_L_e,-0.0,0.0,0.0,0.0,0.0,0.0,0.0,L-Lysine (e)
lys_L_m,-2.41833982703548,0.0,0.0,0.0,0.0,0.0,0.0,L-Lysine (m)
malACP_c,0.0,0.21868566216392282,0.0,0.0,0.0,0.0,-0.2864864864864865,Malonyl-[acyl-carrier protein] (c)
malACP_c,0.21868566216392327,0.0,0.0,0.0,0.0,0.0,0.0,Malonyl-[acyl-carrier protein] (c)
mal_L_c,0.0,-1.2094058702754356,-1.2094058702754353,-1.2094058702754356,-1.2094058702754356,-1.6973026973026983,-5.054064854064856,(S)-Malate (c)
mal_L_m,0.0,-1.2580545189240842,-1.258054518924084,-1.2580545189240842,-1.2580545189240842,-1.745951345951347,-5.102713502713504,(S)-Malate (m)
mal_L_c,-1.2094058702754358,0.0,0.0,0.0,0.0,0.0,0.0,(S)-Malate (c)
mal_L_e,-0.0,0.0,0.0,0.0,0.0,0.0,0.0,(S)-Malate (e)
mal_L_m,-1.2580545189240844,0.0,0.0,0.0,0.0,0.0,0.0,(S)-Malate (m)
malcoa_c,0.0,2.4373713243278456,2.1887981779286125,2.0,2.1132789067571682,2.0,1.747297297297297,Malonyl-CoA (c)
malcoa_c,2.4373713243278465,0.0,0.0,0.0,0.0,0.0,0.0,Malonyl-CoA (c)
mercplac_c,0.0,-0.987784248653814,-0.9877842486538133,-0.0,-0.0,-0.0,-0.0,3-Mercaptolactate (c)
mercplac_c,-0.987784248653814,0.0,0.0,0.0,0.0,0.0,0.0,3-Mercaptolactate (c)
mercplac_e,-0.0,0.0,0.0,0.0,0.0,0.0,0.0,3-Mercaptolactate (e)
mercppyr_c,0.0,-0.9907202081115125,-0.9907202081115123,-0.9907202081115125,-0.9907202081115125,0.9999999999999991,-1.675681075681076,Mercaptopyruvate (c)
mercppyr_m,0.0,-0.9907202081115125,-0.9907202081115123,-0.9907202081115124,-0.9907202081115125,0.9513513513513505,-1.675681075681076,Mercaptopyruvate (m)
mercppyr_c,-0.9907202081115125,0.0,0.0,0.0,0.0,0.0,0.0,Mercaptopyruvate (c)
mercppyr_m,-0.9907202081115125,0.0,0.0,0.0,0.0,0.0,0.0,Mercaptopyruvate (m)
met_L_c,0.0,-0.0,-0.0,-0.0,-0.0,-0.0,-0.0,L-Methionine (c)
met_L_m,0.0,-0.0,-0.0,-0.0,-0.0,-0.0,-0.0,L-Methionine (m)
met_L_c,2.2156290243246772,0.0,0.0,0.0,0.0,0.0,0.0,L-Methionine (c)
met_L_e,-0.0,0.0,0.0,0.0,0.0,0.0,0.0,L-Methionine (e)
met_L_m,2.2156290243246772,0.0,0.0,0.0,0.0,0.0,0.0,L-Methionine (m)
methf_c,0.0,-0.0,0.11327890675716762,0.0,0.0,0.0,0.0,"5,10-Methenyltetrahydrofolate (c)"
methf_m,0.0,-0.82115510811163,-0.82115510811163,-0.5081081081081082,0.0,-0.5081081081081082,0.0,"5,10-Methenyltetrahydrofolate (m)"
methf_c,0.21868566216392327,0.0,0.0,0.0,0.0,0.0,0.0,"5,10-Methenyltetrahydrofolate (c)"
methf_m,-0.8211551081116304,0.0,0.0,0.0,0.0,0.0,0.0,"5,10-Methenyltetrahydrofolate (m)"
mlthf_c,0.0,-0.21868566216392282,0.0,-0.21868566216392343,-0.11327890675716767,0.7297310797310798,0.072972972972973,"5,10-Methylenetetrahydrofolate (c)"
mlthf_m,0.0,-0.7504183243313673,-0.5396048135178569,-0.437371324327847,0.2815502945937729,1.4594621594621595,0.6540540540540544,"5,10-Methylenetetrahydrofolate (m)"
mlthf_c,0.0,0.0,0.0,0.0,0.0,0.0,0.0,"5,10-Methylenetetrahydrofolate (c)"
mlthf_m,-0.7504183243313687,0.0,0.0,0.0,0.0,0.0,0.0,"5,10-Methylenetetrahydrofolate (m)"
mmcoa_R_m,0.0,-0.8663904837817881,-0.46873925134794747,-0.8663904837817882,-1.277086016216452,7.362178362178363,-14.200021600021605,(R)-Methylmalonyl-CoA (m)
mmcoa_R_m,0.7170420648681521,0.0,0.0,0.0,0.0,0.0,0.0,(R)-Methylmalonyl-CoA (m)
mmcoa_S_m,0.0,0.5346686216251434,-0.46873925134794747,0.5346686216251435,-1.277086016216452,11.681102681102683,-14.200021600021605,(S)-Methylmalonyl-CoA (m)
mmcoa_S_m,0.7170420648681521,0.0,0.0,0.0,0.0,0.0,0.0,(S)-Methylmalonyl-CoA (m)
msa_m,0.0,-0.9907202081115125,0.0,0.4889559324341932,0.0,1.6486540486540484,0.0,3-Oxopropanoate (m)
msa_m,-0.9907202081115125,0.0,0.0,0.0,0.0,0.0,0.0,3-Oxopropanoate (m)
mthgxl_m,0.0,-1.2580545189240842,-0.0,-1.2580545189240842,0.0,-1.745951345951347,0.0,Methylglyoxal (m)
mthgxl_m,-6.555362616232182,0.0,0.0,0.0,0.0,0.0,0.0,Methylglyoxal (m)
myrsACP_c,0.0,-0.21868566216392282,-0.15103854234289016,-0.0,-0.11327890675716767,-0.0,0.072972972972973,Myristoyl-ACP (c)
myrsACP_c,-0.21868566216392327,0.0,0.0,0.0,0.0,0.0,0.0,Myristoyl-ACP (c)
n4abutn_m,0.0,-1.2940155027111557,-5.629035359470142,-8.321053329748981,-5.6290353594701426,-23.51896751896752,-2.8162216162216174,N4-Acetylaminobutanal (m)
n4abutn_m,-8.321053329748981,0.0,0.0,0.0,0.0,0.0,0.0,N4-Acetylaminobutanal (m)
nad_c,0.0,-0.0029359594576985337,-0.002935959457698978,-0.0029359594576985337,-0.0029359594576980896,1.6973026973026983,2.427032427032428,NAD (c)
nad_m,0.0,0.2673343108125717,0.26733431081257164,0.26733431081257175,0.26733431081257164,2.6973026973026974,2.697302697302698,NAD (m)
nad_c,-0.0029359594576985337,0.0,0.0,0.0,0.0,0.0,0.0,NAD (c)
nad_e,-0.0,0.0,0.0,0.0,0.0,0.0,0.0,NAD (e)
nad_m,0.26733431081257186,0.0,0.0,0.0,0.0,0.0,0.0,NAD (m)
nadh_c,0.0,0.0,0.0,0.0,0.0,0.0,0.0,NADH (c)
nadh_m,0.0,0.0,0.0,0.0,0.0,0.0,0.0,NADH (m)
nadh_c,0.0,0.0,0.0,0.0,0.0,0.0,0.0,NADH (c)
nadh_e,-0.0,0.0,0.0,0.0,0.0,0.0,0.0,NADH (e)
nadh_m,0.0,0.0,0.0,0.0,0.0,0.0,0.0,NADH (m)
nadp_c,0.0,0.21868566216392282,0.11327890675716762,0.21868566216392343,0.11327890675716767,-0.7297310797310798,-0.072972972972973,NADP (c)
nadp_m,0.0,0.26733431081257164,0.26733431081257164,0.26733431081257175,0.26733431081257164,2.6973026973026974,2.697302697302698,NADP (m)
nadp_c,0.21868566216392327,0.0,0.0,0.0,0.0,0.0,0.0,NADP (c)
nadp_m,0.26733431081257186,0.0,0.0,0.0,0.0,0.0,0.0,NADP (m)
nadph_c,0.0,0.0,0.0,0.0,0.0,0.0,0.0,NADPH (c)
nadph_m,0.0,0.0,0.0,0.0,0.0,0.0,0.0,NADPH (m)
nadph_c,0.0,0.0,0.0,0.0,0.0,0.0,0.0,NADPH (c)
nadph_m,0.0,0.0,0.0,0.0,0.0,0.0,0.0,NADPH (m)
nh4_c,0.0,-0.0,-0.0,-0.0,-0.0,-0.0,-0.0,Ammonia (c)
nh4_m,0.0,-0.22162162162162158,-0.22162162162162158,-0.22162162162162158,-0.22162162162162158,-0.22162162162162158,-0.22162162162162163,Ammonia (m)
nh4_c,-0.0,0.0,0.0,0.0,0.0,0.0,0.0,Ammonia (c)
nh4_e,-0.0,0.0,0.0,0.0,0.0,0.0,0.0,Ammonia (e)
nh4_m,-0.22162162162162158,0.0,0.0,0.0,0.0,0.0,0.0,Ammonia (m)
no_c,0.0,-0.0,-0.0,-0.0,-0.0,-0.0,-0.0,Nitric oxide (c)
no_c,-0.0,0.0,0.0,0.0,0.0,0.0,0.0,Nitric oxide (c)
no_e,-0.0,0.0,0.0,0.0,0.0,0.0,0.0,Nitric oxide (e)
nwharg_c,0.0,5.078622435144174,-7.443612028394638,-7.549018783801392,-7.443612028394638,-10.567595917595918,-7.305421605421608,N(omega)-Hydroxyarginine (c)
nwharg_c,5.078622435144174,0.0,0.0,0.0,0.0,0.0,0.0,N(omega)-Hydroxyarginine (c)
o2_c,0.0,-4.859936772980252,-4.859936772980252,-4.859936772980251,-4.859936772980252,-0.0,-0.0,Oxygen (c)
o2_m,0.0,-4.859936772980252,-4.859936772980252,-4.859936772980251,-4.859936772980252,-0.0,-0.0,Oxygen (m)
o2_c,-4.859936772980251,0.0,0.0,0.0,0.0,0.0,0.0,Oxygen (c)
o2_e,-0.0,0.0,0.0,0.0,0.0,0.0,0.0,Oxygen (e)
o2_m,-4.859936772980251,0.0,0.0,0.0,0.0,0.0,0.0,Oxygen (m)
o2s_m,0.0,-2.2963012310838398,-2.2963012310838398,-2.2963012310838398,-2.2963012310838398,1.3486513486513485,1.348651348651349,O2.- (m)
o2s_m,-2.2963012310838393,0.0,0.0,0.0,0.0,0.0,0.0,O2.- (m)
oaa_c,0.0,-1.212341829733134,-1.2123418297331343,-1.212341829733134,-1.2123418297331336,-0.0,-2.6270324270324275,Oxaloacetate (c)
oaa_m,0.0,-0.9907202081115125,-0.9907202081115123,-0.9907202081115124,-0.9907202081115125,0.2216216216216207,-2.405410805410806,Oxaloacetate (m)
oaa_c,-1.2123418297331343,0.0,0.0,0.0,0.0,0.0,0.0,Oxaloacetate (c)
oaa_e,-0.0,0.0,0.0,0.0,0.0,0.0,0.0,Oxaloacetate (e)
oaa_m,-0.9907202081115125,0.0,0.0,0.0,0.0,0.0,0.0,Oxaloacetate (m)
occoa_m,0.0,-0.9574592270244442,-0.5598079945906054,-0.9574592270244443,-1.3681547594591086,-37.43249183249183,-21.06489186489187,Octanoyl-CoA (m)
occoa_m,0.6259733216254952,0.0,0.0,0.0,0.0,0.0,0.0,Octanoyl-CoA (m)
orn_c,0.0,-2.4703963486572182,-2.4703963486572182,-2.4703963486572182,-2.4703963486572182,-11.837864837864839,-7.378394578394581,L-Ornithine (c)
orn_m,0.0,-2.69201797027884,-2.69201797027884,-2.69201797027884,-2.69201797027884,-12.059486459486461,-7.600016200016203,L-Ornithine (m)
orn_c,-2.4703963486572187,0.0,0.0,0.0,0.0,0.0,0.0,L-Ornithine (c)
orn_m,-2.6920179702788403,0.0,0.0,0.0,0.0,0.0,0.0,L-Ornithine (m)
pa_hs_m,0.0,2.427559279733193,0.0,-0.7783783783783784,0.0,2.27027027027027,0.0,Phosphatidate (m)
pa_hs_m,-0.7783783783783784,0.0,0.0,0.0,0.0,0.0,0.0,Phosphatidate (m)
palmACP_c,0.0,-0.21868566216392282,-0.1887981779286127,-0.0,-0.11327890675716767,-0.0,-0.033783783783783744,Palmitoyl-ACP (c)
palmACP_c,-0.21868566216392327,0.0,0.0,0.0,0.0,0.0,0.0,Palmitoyl-ACP (c)
pchol_hs_c,0.0,-0.0,-0.0,-0.0,-0.0,-0.0,-0.0,Phosphatidylcholine (c)
pchol_hs_m,0.0,-1.0,-0.0,-1.0,-0.0,0.85,-0.0,Phosphatidylcholine (m)
pchol_hs_c,-0.0,0.0,0.0,0.0,0.0,0.0,0.0,Phosphatidylcholine (c)
pchol_hs_e,-0.0,0.0,0.0,0.0,0.0,0.0,0.0,Phosphatidylcholine (e)
pchol_hs_m,-1.0,0.0,0.0,0.0,0.0,0.0,0.0,Phosphatidylcholine (m)
pcreat_c,0.0,-1.0,-1.0,-1.0,-1.0,-1.0,-1.0,Phosphocreatine (c)
pcreat_m,0.0,-0.7783783783783784,-0.7783783783783784,-0.7783783783783784,-0.7783783783783784,-0.7783783783783784,-0.7783783783783784,Phosphocreatine (m)
pcreat_c,-1.0,0.0,0.0,0.0,0.0,0.0,0.0,Phosphocreatine (c)
pcreat_e,-0.0,0.0,0.0,0.0,0.0,0.0,0.0,Phosphocreatine (e)
pcreat_m,-0.7783783783783783,0.0,0.0,0.0,0.0,0.0,0.0,Phosphocreatine (m)
pe_hs_c,0.0,-0.0,-0.0,-0.0,-0.0,-0.0,-0.0,Phosphatidylethanolamine (c)
pe_hs_m,0.0,-1.0,0.0,-1.0,0.0,-1.0,0.0,Phosphatidylethanolamine (m)
pe_hs_c,-0.0,0.0,0.0,0.0,0.0,0.0,0.0,Phosphatidylethanolamine (c)
pe_hs_e,-0.0,0.0,0.0,0.0,0.0,0.0,0.0,Phosphatidylethanolamine (e)
pe_hs_m,-1.0,0.0,0.0,0.0,0.0,0.0,0.0,Phosphatidylethanolamine (m)
pep_c,0.0,-1.942071559462864,-1.9420715594628637,-1.9420715594628644,-1.942071559462864,-8.881784197001252e-16,-2.6270324270324275,Phosphoenolpyruvate (c)
pep_m,0.0,-1.769098586489891,-1.8745053418966462,-1.769098586489891,-1.8745053418966462,-0.5567567567567577,-4.222978372978374,Phosphoenolpyruvate (m)
pep_c,-1.942071559462864,0.0,0.0,0.0,0.0,0.0,0.0,Phosphoenolpyruvate (c)
pep_m,-1.769098586489891,0.0,0.0,0.0,0.0,0.0,0.0,Phosphoenolpyruvate (m)
pglyc_hs_m,0.0,-0.9680998202737334,-0.968099820273733,-0.9680998202737336,-0.565394417568331,-0.8108108108108107,-0.810810810810811,Phosphatidylglycerol (m)
pglyc_hs_m,1.0324324324324325,0.0,0.0,0.0,0.0,0.0,0.0,Phosphatidylglycerol (m)
pgp_hs_m,0.0,-1.5248565770304903,-1.0167484689223816,-1.0167484689223822,-0.6140430662169796,-0.8594594594594593,-0.8594594594594597,Phosphatidylglycerophosphate (m)
pgp_hs_m,0.9837837837837838,0.0,0.0,0.0,0.0,0.0,0.0,Phosphatidylglycerophosphate (m)
phe_L_c,0.0,4.8570008135225535,4.857000813522553,-0.0,-0.0,-0.0,-0.0,L-Phenylalanine (c)
phe_L_m,0.0,4.8570008135225535,4.857000813522553,-0.0,-0.0,-0.0,-0.0,L-Phenylalanine (m)
phe_L_c,-0.0,0.0,0.0,0.0,0.0,0.0,0.0,L-Phenylalanine (c)
phe_L_e,-0.0,0.0,0.0,0.0,0.0,0.0,0.0,L-Phenylalanine (e)
phe_L_m,-0.0,0.0,0.0,0.0,0.0,0.0,0.0,L-Phenylalanine (m)
pheme_c,0.0,-1.172972972972973,-1.172972972972973,-1.172972972972973,-1.172972972972973,-1.172972972972973,-1.172972972972973,Heme (c)
pheme_m,0.0,-0.0,-0.0,-0.0,-0.0,-0.0,-0.0,Heme (m)
pheme_c,-1.172972972972973,0.0,0.0,0.0,0.0,0.0,0.0,Heme (c)
pheme_m,-0.0,0.0,0.0,0.0,0.0,0.0,0.0,Heme (m)
pi_c,0.0,-0.0,-0.0,-0.0,-0.0,-0.0,-0.0,Orthophosphate (c)
pi_m,0.0,-0.04864864864864864,-0.04864864864864864,-0.04864864864864864,-0.04864864864864864,-0.04864864864864864,-0.04864864864864866,Orthophosphate (m)
pi_c,-0.0,0.0,0.0,0.0,0.0,0.0,0.0,Orthophosphate (c)
pi_e,-0.0,0.0,0.0,0.0,0.0,0.0,0.0,Orthophosphate (e)
pi_m,-0.04864864864864864,0.0,0.0,0.0,0.0,0.0,0.0,Orthophosphate (m)
pmtcoa_c,0.0,0.0,0.0,0.0,0.0,0.0,0.0,Palmitoyl-CoA (c)
pmtcoa_m,0.0,-1.6869529999964783,-1.2893017675626375,-1.686952999996478,-2.0976485324311422,9.45948105948106,-8.745956745956748,Palmitoyl-CoA (m)
pmtcoa_c,0.0,0.0,0.0,0.0,0.0,0.0,0.0,Palmitoyl-CoA (c)
pmtcoa_m,-0.10352045134653842,0.0,0.0,0.0,0.0,0.0,0.0,Palmitoyl-CoA (m)
pmtcrn_c,0.0,0.0,0.0,0.0,0.0,0.0,0.0,L-Palmitoylcarnitine (c)
pmtcrn_m,0.0,0.0,0.0,0.0,0.0,0.0,0.0,L-Palmitoylcarnitine (m)
pmtcrn_c,0.0,0.0,0.0,0.0,0.0,0.0,0.0,L-Palmitoylcarnitine (c)
pmtcrn_m,0.0,0.0,0.0,0.0,0.0,0.0,0.0,L-Palmitoylcarnitine (m)
ppa_c,0.0,-0.0,-0.6713293756772016,-0.0,-0.6713293756772017,-0.0,-6.945956745956749,Propanoate (c)
ppa_m,0.0,0.22162162162162158,-0.44970775405558006,0.22162162162162158,-0.44970775405558017,0.22162162162162158,-6.724335124335127,Propanoate (m)
ppa_c,-0.6713293756772014,0.0,0.0,0.0,0.0,0.0,0.0,Propanoate (c)
ppa_e,-0.0,0.0,0.0,0.0,0.0,0.0,0.0,Propanoate (e)
ppa_m,-0.44970775405557983,0.0,0.0,0.0,0.0,0.0,0.0,Propanoate (m)
ppbng_c,0.0,-0.0,-0.0,0.0,0.0,0.0,0.0,Porphobilinogen (c)
ppbng_c,3.148271293923467,0.0,0.0,0.0,0.0,0.0,0.0,Porphobilinogen (c)
ppcoa_m,0.0,0.5346686216251434,0.26099047838178235,0.5346686216251435,-0.5473562864867221,11.681102681102683,-13.470291870291875,Propanoyl-CoA (m)
ppcoa_m,1.4467717945978817,0.0,0.0,0.0,0.0,0.0,0.0,Propanoyl-CoA (m)
ppi_c,0.0,-0.0,-0.0,-0.0,-0.0,-0.0,-0.0,Diphosphate (c)
ppi_m,0.0,-0.09729729729729727,-0.09729729729729727,-0.09729729729729727,-0.09729729729729727,-0.09729729729729727,-0.09729729729729732,Diphosphate (m)
ppi_c,-0.0,0.0,0.0,0.0,0.0,0.0,0.0,Diphosphate (c)
ppi_m,-0.09729729729729727,0.0,0.0,0.0,0.0,0.0,0.0,Diphosphate (m)
ppp9_m,0.0,-12.149841932450629,0.44324324324324316,-7.289905159470376,-12.149841932450629,-0.0,-0.0,Protoporphyrin (m)
ppp9_m,0.44324324324324316,0.0,0.0,0.0,0.0,0.0,0.0,Protoporphyrin (m)
pppg9_c,0.0,-4.859936772980252,7.733148402713621,0.0,-4.859936772980252,0.0,0.0,Protoporphyrinogen IX (c)
pppg9_c,7.733148402713619,0.0,0.0,0.0,0.0,0.0,0.0,Protoporphyrinogen IX (c)
pro_L_c,0.0,-1.3947152729761425,-1.3947152729761425,-1.3947152729761427,-1.3947152729761425,-12.032454032454034,-6.794605394605397,L-Proline (c)
pro_L_m,0.0,-1.3947152729761425,-1.3947152729761425,-1.3947152729761427,-1.3947152729761425,-12.032454032454034,-6.794605394605397,L-Proline (m)
pro_L_c,-1.3947152729761427,0.0,0.0,0.0,0.0,0.0,0.0,L-Proline (c)
pro_L_e,-0.0,0.0,0.0,0.0,0.0,0.0,0.0,L-Proline (e)
pro_L_m,-1.3947152729761427,0.0,0.0,0.0,0.0,0.0,0.0,L-Proline (m)
ps_hs_c,0.0,-0.0,-0.0,-0.0,-0.0,-0.0,-0.0,Phosphatidylserine (c)
ps_hs_m,0.0,0.0,0.0,0.0,0.0,0.0,0.0,Phosphatidylserine (m)
ps_hs_c,-0.0,0.0,0.0,0.0,0.0,0.0,0.0,Phosphatidylserine (c)
ps_hs_e,-0.0,0.0,0.0,0.0,0.0,0.0,0.0,Phosphatidylserine (e)
ps_hs_m,0.06602796341926753,0.0,0.0,0.0,0.0,0.0,0.0,Phosphatidylserine (m)
pser_L_c,0.0,-2.4339634513547557,-2.4339634513547557,-1.3636985810898872,-0.9420715594628639,-0.0,-2.6270324270324275,O-Phospho-L-serine (c)
pser_L_c,-2.4339634513547557,0.0,0.0,0.0,0.0,0.0,0.0,O-Phospho-L-serine (c)
ptrc_c,0.0,-2.4703963486572182,-2.4703963486572182,-2.4703963486572182,-2.4703963486572182,-11.108135108135109,-7.378394578394581,Putrescine (c)
ptrc_m,0.0,4.335019856758987,0.0,-2.69201797027884,0.0,-12.059486459486461,0.0,Putrescine (m)
ptrc_c,-2.4703963486572187,0.0,0.0,0.0,0.0,0.0,0.0,Putrescine (c)
ptrc_m,-2.6920179702788403,0.0,0.0,0.0,0.0,0.0,0.0,Putrescine (m)
pyr_c,0.0,-0.9420715594628639,-0.9420715594628637,-0.9420715594628644,-0.9420715594628639,0.9999999999999991,-1.6270324270324275,Pyruvate (c)
pyr_m,0.0,-0.9907202081115125,-0.9907202081115123,-0.9907202081115124,-0.9907202081115125,0.9513513513513505,-1.675681075681076,Pyruvate (m)
pyr_c,-0.9420715594628639,0.0,0.0,0.0,0.0,0.0,0.0,Pyruvate (c)
pyr_m,-0.9907202081115125,0.0,0.0,0.0,0.0,0.0,0.0,Pyruvate (m)
q10_m,0.0,-0.8083467648685041,-0.8083467648685041,-0.808346764868504,-0.8083467648685041,1.6216216216216215,1.6216216216216217,Ubiquinone (m)
q10_m,-0.8083467648685039,0.0,0.0,0.0,0.0,0.0,0.0,Ubiquinone (m)
q10h2_m,0.0,0.0,0.0,0.0,0.0,0.0,0.0,Ubiquinol (m)
q10h2_m,0.0,0.0,0.0,0.0,0.0,0.0,0.0,Ubiquinol (m)
r5p_c,0.0,-4.231892666675275,-4.231892666675275,-4.231892666675276,-4.231892666675276,-1.0,-1.0,D-Ribose 5-phosphate (c)
r5p_c,-4.231892666675276,0.0,0.0,0.0,0.0,0.0,0.0,D-Ribose 5-phosphate (c)
ru5p_D_c,0.0,-4.231892666675275,-4.231892666675275,-4.231892666675276,-4.231892666675276,-1.0,-1.0,D-Ribulose 5-phosphate (c)
ru5p_D_c,-4.231892666675276,0.0,0.0,0.0,0.0,0.0,0.0,D-Ribulose 5-phosphate (c)
s7p_c,0.0,-5.5246497333453854,-5.5246497333453854,-5.524649733345386,-5.524649733345386,-1.0,-1.0,Sedoheptulose 7-phosphate (c)
s7p_c,-5.524649733345386,0.0,0.0,0.0,0.0,0.0,0.0,Sedoheptulose 7-phosphate (c)
saccrp_L_m,0.0,-4.132445932445933,-4.132445932445933,-4.132445932445933,-1.9357277270320747,-8.983799983799987,-2.967572967572968,"N6-(L-1,3-Dicarboxypropyl)-L-lysine (m)"
saccrp_L_m,-4.1324459324459335,0.0,0.0,0.0,0.0,0.0,0.0,"N6-(L-1,3-Dicarboxypropyl)-L-lysine (m)"
ser_L_c,0.0,-1.3636985810898845,-0.9420715594628637,-1.3636985810898872,-0.9420715594628639,-0.0,-2.6270324270324275,L-Serine (c)
ser_L_m,0.0,-1.3636985810898845,-0.9420715594628637,-1.3636985810898872,-0.9420715594628639,-0.0,-2.6270324270324275,L-Serine (m)
ser_L_c,-1.3636985810898865,0.0,0.0,0.0,0.0,0.0,0.0,L-Serine (c)
ser_L_e,-0.0,0.0,0.0,0.0,0.0,0.0,0.0,L-Serine (e)
ser_L_m,-1.3636985810898865,0.0,0.0,0.0,0.0,0.0,0.0,L-Serine (m)
so3_c,0.0,-0.0,-0.0,-0.0,-0.0,-0.0,-0.0,Sulfite (c)
so3_m,0.0,-0.04864864864864865,-0.048648648648648596,-0.048648648648648596,-0.048648648648648596,-0.048648648648648596,-0.048648648648648596,Sulfite (m)
so3_c,-0.0,0.0,0.0,0.0,0.0,0.0,0.0,Sulfite (c)
so3_e,-0.0,0.0,0.0,0.0,0.0,0.0,0.0,Sulfite (e)
so3_m,-0.04864864864864865,0.0,0.0,0.0,0.0,0.0,0.0,Sulfite (m)
so4_c,0.0,0.0,0.0,0.048648648648648596,0.048648648648648596,0.048648648648648596,0.048648648648648596,Sulfate (c)
so4_m,0.0,-0.04864864864864865,-0.048648648648648596,0.0,0.0,0.0,0.0,Sulfate (m)
so4_c,0.0,0.0,0.0,0.0,0.0,0.0,0.0,Sulfate (c)
so4_m,-0.04864864864864865,0.0,0.0,0.0,0.0,0.0,0.0,Sulfate (m)
succ_c,0.0,-0.4010591054069314,-0.40105910540693146,-0.40105910540693157,-0.40105910540693146,-3.31892431892432,-6.6756864756864776,Succinate (c)
succ_m,0.0,-0.44970775405558006,-0.44970775405558006,-0.44970775405558017,-0.44970775405558006,-3.3675729675729684,-6.724335124335126,Succinate (m)
succ_c,-0.40105910540693185,0.0,0.0,0.0,0.0,0.0,0.0,Succinate (c)
succ_e,-0.0,0.0,0.0,0.0,0.0,0.0,0.0,Succinate (e)
succ_m,-0.4497077540555805,0.0,0.0,0.0,0.0,0.0,0.0,Succinate (m)
succoa_m,0.0,-0.8663904837817881,-0.46873925134794747,-0.8663904837817882,-1.277086016216452,7.362178362178363,-14.200021600021605,Succinyl-CoA (m)
succoa_m,0.7170420648681521,0.0,0.0,0.0,0.0,0.0,0.0,Succinyl-CoA (m)
sucsal_m,0.0,-1.2737988216249094,-0.7170420648681517,-1.3981231459492331,0.0,-6.064875664875666,0.0,Succinate semialdehyde (m)
sucsal_m,-1.398123145949233,0.0,0.0,0.0,0.0,0.0,0.0,Succinate semialdehyde (m)
tcynt_c,0.0,-0.0,-0.0,-0.0,-0.0,-0.0,-0.0,Thiocyanate (c)
tcynt_m,0.0,0.22162162162162158,0.22162162162162158,0.22162162162162158,0.22162162162162158,0.22162162162162158,0.22162162162162163,Thiocyanate (m)
tcynt_c,-0.0,0.0,0.0,0.0,0.0,0.0,0.0,Thiocyanate (c)
tcynt_e,-0.0,0.0,0.0,0.0,0.0,0.0,0.0,Thiocyanate (e)
tcynt_m,0.22162162162162158,0.0,0.0,0.0,0.0,0.0,0.0,Thiocyanate (m)
tetd7ecoa_m,0.0,-1.5045795567534699,-1.1069283243196293,-1.5045795567534697,-1.9152750891881334,-77.34066474066475,-35.043286443286455,Tetradecanoyl-CoA (m)
tetd7ecoa_m,0.07885299189647021,0.0,0.0,0.0,0.0,0.0,0.0,Tetradecanoyl-CoA (m)
thbpt_c,0.0,0.0029359594576985337,0.002935959457698978,0.0,0.0,0.0,0.0,Tetrahydrobiopterin (c)
thbpt_c,0.0029359594576985337,0.0,0.0,0.0,0.0,0.0,0.0,Tetrahydrobiopterin (c)
thf_c,0.0,0.21868566216392282,0.22655781351433524,0.21868566216392343,0.11327890675716767,-0.7297310797310798,-0.072972972972973,Tetrahydrofolate (c)
thf_m,0.0,-0.3130470000035217,-0.3130470000035217,0.0,0.5081081081081082,0.0,0.5081081081081081,Tetrahydrofolate (m)
thf_c,0.43737132432784653,0.0,0.0,0.0,0.0,0.0,0.0,Tetrahydrofolate (c)
thf_m,-0.31304700000352215,0.0,0.0,0.0,0.0,0.0,0.0,Tetrahydrofolate (m)
thp2c_c,0.0,-1.215870381087774,-1.2537055189229118,0.0,0.0,0.0,0.0,"(S)-2,3,4,5-Tetrahydropyridine-2-carboxylate (c)"
thp2c_c,-1.388843354060746,0.0,0.0,0.0,0.0,0.0,0.0,"(S)-2,3,4,5-Tetrahydropyridine-2-carboxylate (c)"
thr_L_c,0.0,-0.0029359594576985337,-0.6683934162195031,-0.0029359594576985337,-0.6683934162195033,-0.0,-0.0,L-Threonine (c)
thr_L_m,0.0,-0.0029359594576985337,-0.6683934162195031,-0.0029359594576985337,-0.6683934162195033,-0.0,-0.0,L-Threonine (m)
thr_L_c,-0.6683934162195033,0.0,0.0,0.0,0.0,0.0,0.0,L-Threonine (c)
thr_L_e,-0.0,0.0,0.0,0.0,0.0,0.0,0.0,L-Threonine (e)
thr_L_m,-0.6683934162195033,0.0,0.0,0.0,0.0,0.0,0.0,L-Threonine (m)
trp_L_c,0.0,-0.0,-0.0,-0.0,-0.0,-0.0,-0.0,L-Tryptophan (c)
trp_L_m,0.0,-0.0,-0.0,-0.0,-0.0,-0.0,-0.0,L-Tryptophan (m)
trp_L_c,-0.0,0.0,0.0,0.0,0.0,0.0,0.0,L-Tryptophan (c)
trp_L_e,-0.0,0.0,0.0,0.0,0.0,0.0,0.0,L-Tryptophan (e)
trp_L_m,-0.0,0.0,0.0,0.0,0.0,0.0,0.0,L-Tryptophan (m)
tsul_c,0.0,-0.0,-0.0,-0.0,-0.0,-0.0,-0.0,Thiosulfate (c)
tsul_m,0.0,-0.04864864864864865,-0.048648648648648596,-0.048648648648648596,-0.048648648648648596,-0.048648648648648596,-0.048648648648648596,Thiosulfate (m)
tsul_c,-0.0,0.0,0.0,0.0,0.0,0.0,0.0,Thiosulfate (c)
tsul_e,-0.0,0.0,0.0,0.0,0.0,0.0,0.0,Thiosulfate (e)
tsul_m,-0.04864864864864865,0.0,0.0,0.0,0.0,0.0,0.0,Thiosulfate (m)
tyr_L_c,0.0,-0.0,-0.0,-0.0,-0.0,-20.681124281124283,-7.481097281097284,L-Tyrosine (c)
tyr_L_m,0.0,-0.0,-0.0,-0.0,-0.0,-20.681124281124283,-7.481097281097284,L-Tyrosine (m)
tyr_L_c,-0.0,0.0,0.0,0.0,0.0,0.0,0.0,L-Tyrosine (c)
tyr_L_e,-0.0,0.0,0.0,0.0,0.0,0.0,0.0,L-Tyrosine (e)
tyr_L_m,-0.0,0.0,0.0,0.0,0.0,0.0,0.0,L-Tyrosine (m)
uppg3_c,0.0,-0.0,-0.0,0.0,0.0,0.0,-0.0,Uroporphyrinogen III (c)
uppg3_c,12.593085175693869,0.0,0.0,0.0,0.0,0.0,0.0,Uroporphyrinogen III (c)
urcan_c,0.0,-2.105764740547349,-2.0003579851405937,-2.10576474054735,-2.0003579851405937,-6.983798633798635,-2.3540594540594553,Urocanate (c)
urcan_c,-2.1057647405473494,0.0,0.0,0.0,0.0,0.0,0.0,Urocanate (c)
urea_c,0.0,-0.0,-0.0,-0.0,-0.0,-0.0,-0.0,Urea (c)
urea_m,0.0,-0.0,-0.0,-0.0,-0.0,-0.0,-0.0,Urea (m)
urea_c,-0.0,0.0,0.0,0.0,0.0,0.0,0.0,Urea (c)
urea_e,-0.0,0.0,0.0,0.0,0.0,0.0,0.0,Urea (e)
urea_m,-0.0,0.0,0.0,0.0,0.0,0.0,0.0,Urea (m)
val_L_c,0.0,-0.2609904783817827,-0.9323198540589841,-0.0,-0.0,-0.0,-0.0,L-Valine (c)
val_L_m,0.0,-0.2609904783817827,-0.9323198540589841,-0.0,-0.0,-0.0,-0.0,L-Valine (m)
val_L_c,-0.9323198540589854,0.0,0.0,0.0,0.0,0.0,0.0,L-Valine (c)
val_L_e,-0.0,0.0,0.0,0.0,0.0,0.0,0.0,L-Valine (e)
val_L_m,-0.9323198540589854,0.0,0.0,0.0,0.0,0.0,0.0,L-Valine (m)
xu5p_D_c,0.0,-4.231892666675275,-4.231892666675275,-4.231892666675276,-4.231892666675276,-1.0,-1.0,D-Xylulose 5-phosphate (c)
xu5p_D_c,-4.231892666675276,0.0,0.0,0.0,0.0,0.0,0.0,D-Xylulose 5-phosphate (c)
